date,open,high,low,close,adj_close,volume,symbol,source
2020-01-02,74.05999755859375,75.1500015258789,73.79750061035156,75.0875015258789,72.27154541015625,135480400,AAPL,Yahoo Finance via yfinance
2020-01-03,74.2874984741211,75.1449966430664,74.125,74.35749816894531,71.56890869140625,146322800,AAPL,Yahoo Finance via yfinance
2020-01-06,73.44750213623047,74.98999786376953,73.1875,74.94999694824219,72.13919067382812,118387200,AAPL,Yahoo Finance via yfinance
2020-01-07,74.95999908447266,75.2249984741211,74.37000274658203,74.59750366210938,71.79993438720703,108872000,AAPL,Yahoo Finance via yfinance
2020-01-08,74.29000091552734,76.11000061035156,74.29000091552734,75.79750061035156,72.95491027832031,132079200,AAPL,Yahoo Finance via yfinance
2020-01-09,76.80999755859375,77.60749816894531,76.55000305175781,77.40750122070312,74.50454711914062,170108400,AAPL,Yahoo Finance via yfinance
2020-01-10,77.6500015258789,78.1675033569336,77.0625,77.5824966430664,74.67295837402344,140644800,AAPL,Yahoo Finance via yfinance
2020-01-13,77.91000366210938,79.26750183105469,77.7874984741211,79.23999786376953,76.268310546875,121532000,AAPL,Yahoo Finance via yfinance
2020-01-14,79.17500305175781,79.39250183105469,78.0425033569336,78.16999816894531,75.23845672607422,161954400,AAPL,Yahoo Finance via yfinance
2020-01-15,77.9625015258789,78.875,77.38749694824219,77.83499908447266,74.91598510742188,121923600,AAPL,Yahoo Finance via yfinance
2020-01-16,78.39749908447266,78.92500305175781,78.02249908447266,78.80999755859375,75.85442352294922,108829200,AAPL,Yahoo Finance via yfinance
2020-01-17,79.06749725341797,79.68499755859375,78.75,79.68250274658203,76.69420623779297,137816400,AAPL,Yahoo Finance via yfinance
2020-01-21,79.29750061035156,79.75499725341797,79.0,79.14250183105469,76.17449188232422,110843200,AAPL,Yahoo Finance via yfinance
2020-01-22,79.6449966430664,79.99749755859375,79.32749938964844,79.42500305175781,76.4463882446289,101832400,AAPL,Yahoo Finance via yfinance
2020-01-23,79.4800033569336,79.88999938964844,78.9124984741211,79.80750274658203,76.81452941894531,104472000,AAPL,Yahoo Finance via yfinance
2020-01-24,80.0625,80.8324966430664,79.37999725341797,79.57749938964844,76.59313201904297,146537600,AAPL,Yahoo Finance via yfinance
2020-01-27,77.51499938964844,77.94249725341797,76.22000122070312,77.23750305175781,74.3409194946289,161940000,AAPL,Yahoo Finance via yfinance
2020-01-28,78.1500015258789,79.5999984741211,78.04750061035156,79.42250061035156,76.4439697265625,162234000,AAPL,Yahoo Finance via yfinance
2020-01-29,81.11250305175781,81.9625015258789,80.34500122070312,81.08499908447266,78.04413604736328,216229200,AAPL,Yahoo Finance via yfinance
2020-01-30,80.13500213623047,81.02249908447266,79.6875,80.96749877929688,77.9310302734375,126743200,AAPL,Yahoo Finance via yfinance
2020-01-31,80.23249816894531,80.66999816894531,77.07250213623047,77.37750244140625,74.47566223144531,199588400,AAPL,Yahoo Finance via yfinance
2020-02-03,76.07499694824219,78.37249755859375,75.55500030517578,77.16500091552734,74.2711181640625,173788400,AAPL,Yahoo Finance via yfinance
2020-02-04,78.82749938964844,79.91000366210938,78.40750122070312,79.7125015258789,76.72311401367188,136616400,AAPL,Yahoo Finance via yfinance
2020-02-05,80.87999725341797,81.19000244140625,79.73750305175781,80.36250305175781,77.34872436523438,118826800,AAPL,Yahoo Finance via yfinance
2020-02-06,80.64250183105469,81.30500030517578,80.06500244140625,81.30249786376953,78.25345611572266,105425600,AAPL,Yahoo Finance via yfinance
2020-02-07,80.59249877929688,80.8499984741211,79.5,80.00749969482422,77.18980407714844,117684000,AAPL,Yahoo Finance via yfinance
2020-02-10,78.54499816894531,80.38749694824219,78.4625015258789,80.38749694824219,77.55641174316406,109348800,AAPL,Yahoo Finance via yfinance
2020-02-11,80.9000015258789,80.9749984741211,79.67749786376953,79.90249633789062,77.08848571777344,94323200,AAPL,Yahoo Finance via yfinance
2020-02-12,80.36750030517578,81.80500030517578,80.36750030517578,81.80000305175781,78.9191665649414,113730400,AAPL,Yahoo Finance via yfinance
2020-02-13,81.04750061035156,81.55500030517578,80.8375015258789,81.21749877929688,78.357177734375,94747600,AAPL,Yahoo Finance via yfinance
2020-02-14,81.18499755859375,81.49500274658203,80.7125015258789,81.23750305175781,78.37647247314453,80113600,AAPL,Yahoo Finance via yfinance
2020-02-18,78.83999633789062,79.9375,78.65249633789062,79.75,76.94136810302734,152531200,AAPL,Yahoo Finance via yfinance
2020-02-19,80.0,81.14250183105469,80.0,80.90499877929688,78.05567932128906,93984000,AAPL,Yahoo Finance via yfinance
2020-02-20,80.65750122070312,81.1624984741211,79.55249786376953,80.07499694824219,77.25489807128906,100566000,AAPL,Yahoo Finance via yfinance
2020-02-21,79.65499877929688,80.11250305175781,77.625,78.26249694824219,75.5062255859375,129554000,AAPL,Yahoo Finance via yfinance
2020-02-24,74.31500244140625,76.04499816894531,72.30750274658203,74.54499816894531,71.91967010498047,222195200,AAPL,Yahoo Finance via yfinance
2020-02-25,75.23750305175781,75.63249969482422,71.53250122070312,72.0199966430664,69.48359680175781,230673600,AAPL,Yahoo Finance via yfinance
2020-02-26,71.63249969482422,74.47000122070312,71.625,73.1624984741211,70.58584594726562,198054800,AAPL,Yahoo Finance via yfinance
2020-02-27,70.2750015258789,71.5,68.23999786376953,68.37999725341797,65.97178649902344,320605600,AAPL,Yahoo Finance via yfinance
2020-02-28,64.31500244140625,69.60250091552734,64.09249877929688,68.33999633789062,65.93318939208984,426510000,AAPL,Yahoo Finance via yfinance
2020-03-02,70.56999969482422,75.36000061035156,69.43000030517578,74.70249938964844,72.07164001464844,341397200,AAPL,Yahoo Finance via yfinance
2020-03-03,75.9175033569336,76.0,71.44999694824219,72.33000183105469,69.7826919555664,319475600,AAPL,Yahoo Finance via yfinance
2020-03-04,74.11000061035156,75.8499984741211,73.28250122070312,75.68499755859375,73.01949310302734,219178400,AAPL,Yahoo Finance via yfinance
2020-03-05,73.87999725341797,74.88749694824219,72.85250091552734,73.2300033569336,70.65097045898438,187572800,AAPL,Yahoo Finance via yfinance
2020-03-06,70.5,72.70500183105469,70.30750274658203,72.25749969482422,69.71273040771484,226176800,AAPL,Yahoo Finance via yfinance
2020-03-09,65.9375,69.52249908447266,65.75,66.5425033569336,64.19898223876953,286744800,AAPL,Yahoo Finance via yfinance
2020-03-10,69.28500366210938,71.61000061035156,67.34249877929688,71.33499908447266,68.82272338867188,285290000,AAPL,Yahoo Finance via yfinance
2020-03-11,69.34750366210938,70.30500030517578,67.96499633789062,68.85749816894531,66.4324951171875,255598800,AAPL,Yahoo Finance via yfinance
2020-03-12,63.98500061035156,67.5,62.0,62.057498931884766,59.87195587158203,418474000,AAPL,Yahoo Finance via yfinance
2020-03-13,66.22250366210938,69.9800033569336,63.23749923706055,69.49250030517578,67.04509735107422,370732000,AAPL,Yahoo Finance via yfinance
2020-03-16,60.48749923706055,64.7699966430664,60.0,60.5525016784668,58.41995620727539,322423600,AAPL,Yahoo Finance via yfinance
2020-03-17,61.877498626708984,64.40249633789062,59.599998474121094,63.21500015258789,60.98869323730469,324056000,AAPL,Yahoo Finance via yfinance
2020-03-18,59.942501068115234,62.5,59.279998779296875,61.66749954223633,59.495704650878906,300233600,AAPL,Yahoo Finance via yfinance
2020-03-19,61.84749984741211,63.209999084472656,60.65250015258789,61.19499969482422,59.039825439453125,271857200,AAPL,Yahoo Finance via yfinance
2020-03-20,61.79499816894531,62.95750045776367,57.0,57.310001373291016,55.291656494140625,401693200,AAPL,Yahoo Finance via yfinance
2020-03-23,57.02000045776367,57.125,53.15250015258789,56.092498779296875,54.117027282714844,336752800,AAPL,Yahoo Finance via yfinance
2020-03-24,59.09000015258789,61.92250061035156,58.57500076293945,61.720001220703125,59.546348571777344,287531200,AAPL,Yahoo Finance via yfinance
2020-03-25,62.6875,64.5625,61.07500076293945,61.380001068115234,59.21832275390625,303602000,AAPL,Yahoo Finance via yfinance
2020-03-26,61.630001068115234,64.66999816894531,61.59000015258789,64.61000061035156,62.33456802368164,252087200,AAPL,Yahoo Finance via yfinance
2020-03-27,63.1875,63.967498779296875,61.76250076293945,61.935001373291016,59.75376892089844,204216800,AAPL,Yahoo Finance via yfinance
2020-03-30,62.685001373291016,63.880001068115234,62.349998474121094,63.70249938964844,61.45903015136719,167976400,AAPL,Yahoo Finance via yfinance
2020-03-31,63.900001525878906,65.62249755859375,63.0,63.5724983215332,61.33360290527344,197002000,AAPL,Yahoo Finance via yfinance
2020-04-01,61.625,62.18000030517578,59.782501220703125,60.227500915527344,58.10641098022461,176218400,AAPL,Yahoo Finance via yfinance
2020-04-02,60.084999084472656,61.287498474121094,59.224998474121094,61.23249816894531,59.07601547241211,165934000,AAPL,Yahoo Finance via yfinance
2020-04-03,60.70000076293945,61.42499923706055,59.74250030517578,60.352500915527344,58.22699737548828,129880000,AAPL,Yahoo Finance via yfinance
2020-04-06,62.724998474121094,65.77749633789062,62.345001220703125,65.61750030517578,63.306556701660156,201820400,AAPL,Yahoo Finance via yfinance
2020-04-07,67.69999694824219,67.92500305175781,64.75,64.85749816894531,62.573341369628906,202887200,AAPL,Yahoo Finance via yfinance
2020-04-08,65.68499755859375,66.84249877929688,65.30750274658203,66.51750183105469,64.17489624023438,168895200,AAPL,Yahoo Finance via yfinance
2020-04-09,67.17500305175781,67.51750183105469,66.17500305175781,66.99749755859375,64.6379623413086,161834800,AAPL,Yahoo Finance via yfinance
2020-04-13,67.07749938964844,68.42500305175781,66.4574966430664,68.3125,65.90664672851562,131022800,AAPL,Yahoo Finance via yfinance
2020-04-14,70.0,72.0625,69.51249694824219,71.76249694824219,69.23516845703125,194994800,AAPL,Yahoo Finance via yfinance
2020-04-15,70.5999984741211,71.5824966430664,70.15750122070312,71.10749816894531,68.60323333740234,131154400,AAPL,Yahoo Finance via yfinance
2020-04-16,71.84500122070312,72.05000305175781,70.5875015258789,71.67250061035156,69.1483383178711,157125200,AAPL,Yahoo Finance via yfinance
2020-04-17,71.17250061035156,71.73750305175781,69.21499633789062,70.69999694824219,68.21009063720703,215250000,AAPL,Yahoo Finance via yfinance
2020-04-20,69.48750305175781,70.41999816894531,69.2125015258789,69.23249816894531,66.79428100585938,130015200,AAPL,Yahoo Finance via yfinance
2020-04-21,69.06999969482422,69.3125,66.35749816894531,67.09249877929688,64.72962951660156,180991600,AAPL,Yahoo Finance via yfinance
2020-04-22,68.40249633789062,69.4749984741211,68.05000305175781,69.0250015258789,66.59407806396484,116862400,AAPL,Yahoo Finance via yfinance
2020-04-23,68.96749877929688,70.4375,68.71749877929688,68.75749969482422,66.33599853515625,124814400,AAPL,Yahoo Finance via yfinance
2020-04-24,69.30000305175781,70.75250244140625,69.25,70.74250030517578,68.2510757446289,126161200,AAPL,Yahoo Finance via yfinance
2020-04-27,70.44999694824219,71.13500213623047,69.98750305175781,70.7925033569336,68.2993392944336,117087600,AAPL,Yahoo Finance via yfinance
2020-04-28,71.2699966430664,71.4574966430664,69.55000305175781,69.6449966430664,67.19223022460938,112004800,AAPL,Yahoo Finance via yfinance
2020-04-29,71.18250274658203,72.4175033569336,70.97250366210938,71.93250274658203,69.39917755126953,137280800,AAPL,Yahoo Finance via yfinance
2020-04-30,72.48999786376953,73.63249969482422,72.0875015258789,73.44999694824219,70.86323547363281,183064000,AAPL,Yahoo Finance via yfinance
2020-05-01,71.5625,74.75,71.4625015258789,72.26750183105469,69.7223892211914,240616800,AAPL,Yahoo Finance via yfinance
2020-05-04,72.2925033569336,73.42250061035156,71.58000183105469,73.29000091552734,70.7088623046875,133568000,AAPL,Yahoo Finance via yfinance
2020-05-05,73.76499938964844,75.25,73.61499786376953,74.38999938964844,71.7701187133789,147751200,AAPL,Yahoo Finance via yfinance
2020-05-06,75.11499786376953,75.80999755859375,74.71749877929688,75.15750122070312,72.5105972290039,142333600,AAPL,Yahoo Finance via yfinance
2020-05-07,75.80500030517578,76.2925033569336,75.49250030517578,75.93499755859375,73.26073455810547,115215200,AAPL,Yahoo Finance via yfinance
2020-05-08,76.41000366210938,77.5875015258789,76.07250213623047,77.53250122070312,75.00445556640625,133838400,AAPL,Yahoo Finance via yfinance
2020-05-11,77.0250015258789,79.26249694824219,76.80999755859375,78.75250244140625,76.18466186523438,145946400,AAPL,Yahoo Finance via yfinance
2020-05-12,79.4574966430664,79.92250061035156,77.72750091552734,77.85250091552734,75.31401062011719,162301200,AAPL,Yahoo Finance via yfinance
2020-05-13,78.0374984741211,78.98750305175781,75.80249786376953,76.9124984741211,74.40465545654297,200622400,AAPL,Yahoo Finance via yfinance
2020-05-14,76.12750244140625,77.44750213623047,75.38249969482422,77.38500213623047,74.86176300048828,158929200,AAPL,Yahoo Finance via yfinance
2020-05-15,75.0875015258789,76.9749984741211,75.05249786376953,76.92749786376953,74.41917419433594,166348400,AAPL,Yahoo Finance via yfinance
2020-05-18,78.2925033569336,79.125,77.58000183105469,78.73999786376953,76.17256164550781,135178400,AAPL,Yahoo Finance via yfinance
2020-05-19,78.75749969482422,79.62999725341797,78.25250244140625,78.28500366210938,75.732421875,101729600,AAPL,Yahoo Finance via yfinance
2020-05-20,79.16999816894531,79.87999725341797,79.12999725341797,79.80750274658203,77.20526885986328,111504800,AAPL,Yahoo Finance via yfinance
2020-05-21,79.66500091552734,80.22250366210938,78.96749877929688,79.2125015258789,76.62964630126953,102688800,AAPL,Yahoo Finance via yfinance
2020-05-22,78.94249725341797,79.80750274658203,78.8375015258789,79.72250366210938,77.12303161621094,81803200,AAPL,Yahoo Finance via yfinance
2020-05-26,80.875,81.05999755859375,79.125,79.18250274658203,76.60063934326172,125522000,AAPL,Yahoo Finance via yfinance
2020-05-27,79.03500366210938,79.67749786376953,78.27249908447266,79.52749633789062,76.93439483642578,112945200,AAPL,Yahoo Finance via yfinance
2020-05-28,79.19249725341797,80.86000061035156,78.90750122070312,79.5625,76.96824645996094,133560800,AAPL,Yahoo Finance via yfinance
2020-05-29,79.8125,80.2874984741211,79.11750030517578,79.48500061035156,76.89328002929688,153532400,AAPL,Yahoo Finance via yfinance
2020-06-01,79.4375,80.5875015258789,79.30249786376953,80.4625015258789,77.83890533447266,80791200,AAPL,Yahoo Finance via yfinance
2020-06-02,80.1875,80.86000061035156,79.73249816894531,80.83499908447266,78.19925689697266,87642800,AAPL,Yahoo Finance via yfinance
2020-06-03,81.16500091552734,81.55000305175781,80.57499694824219,81.27999877929688,78.6297607421875,104491200,AAPL,Yahoo Finance via yfinance
2020-06-04,81.09750366210938,81.40499877929688,80.19499969482422,80.58000183105469,77.95258331298828,87560400,AAPL,Yahoo Finance via yfinance
2020-06-05,80.8375015258789,82.9375,80.80750274658203,82.875,80.17274475097656,137250400,AAPL,Yahoo Finance via yfinance
2020-06-08,82.5625,83.4000015258789,81.83000183105469,83.36499786376953,80.64675903320312,95654400,AAPL,Yahoo Finance via yfinance
2020-06-09,83.03500366210938,86.40249633789062,83.00250244140625,85.99749755859375,83.19342803955078,147712400,AAPL,Yahoo Finance via yfinance
2020-06-10,86.9749984741211,88.69249725341797,86.52249908447266,88.20999908447266,85.33377838134766,166651600,AAPL,Yahoo Finance via yfinance
2020-06-11,87.32749938964844,87.76499938964844,83.87000274658203,83.9749984741211,81.23688507080078,201662400,AAPL,Yahoo Finance via yfinance
2020-06-12,86.18000030517578,86.94999694824219,83.55500030517578,84.69999694824219,81.93822479248047,200146000,AAPL,Yahoo Finance via yfinance
2020-06-15,83.3125,86.41999816894531,83.1449966430664,85.74749755859375,82.95158386230469,138808800,AAPL,Yahoo Finance via yfinance
2020-06-16,87.86499786376953,88.30000305175781,86.18000030517578,88.0199966430664,85.14999389648438,165428800,AAPL,Yahoo Finance via yfinance
2020-06-17,88.7874984741211,88.8499984741211,87.77249908447266,87.89749908447266,85.0314712524414,114406400,AAPL,Yahoo Finance via yfinance
2020-06-18,87.85250091552734,88.36250305175781,87.30500030517578,87.93250274658203,85.06533813476562,96820400,AAPL,Yahoo Finance via yfinance
2020-06-19,88.66000366210938,89.13999938964844,86.2874984741211,87.43000030517578,84.5792236328125,264476000,AAPL,Yahoo Finance via yfinance
2020-06-22,87.83499908447266,89.86499786376953,87.7874984741211,89.71749877929688,86.79215240478516,135445200,AAPL,Yahoo Finance via yfinance
2020-06-23,91.0,93.09500122070312,90.56749725341797,91.63249969482422,88.64468383789062,212155600,AAPL,Yahoo Finance via yfinance
2020-06-24,91.25,92.19750213623047,89.62999725341797,90.01499938964844,87.07992553710938,192623200,AAPL,Yahoo Finance via yfinance
2020-06-25,90.17500305175781,91.25,89.39250183105469,91.20999908447266,88.23596954345703,137522400,AAPL,Yahoo Finance via yfinance
2020-06-26,91.10250091552734,91.33000183105469,88.25499725341797,88.40750122070312,85.52483367919922,205256800,AAPL,Yahoo Finance via yfinance
2020-06-29,88.3125,90.5425033569336,87.81999969482422,90.44499969482422,87.49594116210938,130646000,AAPL,Yahoo Finance via yfinance
2020-06-30,90.0199966430664,91.49500274658203,90.0,91.19999694824219,88.2262954711914,140223200,AAPL,Yahoo Finance via yfinance
2020-07-01,91.27999877929688,91.83999633789062,90.97750091552734,91.02749633789062,88.05941772460938,110737200,AAPL,Yahoo Finance via yfinance
2020-07-02,91.9625015258789,92.61750030517578,90.91000366210938,91.02749633789062,88.05941772460938,114041600,AAPL,Yahoo Finance via yfinance
2020-07-06,92.5,93.94499969482422,92.46749877929688,93.4625015258789,90.41503143310547,118655600,AAPL,Yahoo Finance via yfinance
2020-07-07,93.85250091552734,94.65499877929688,93.05750274658203,93.17250061035156,90.13448333740234,112424400,AAPL,Yahoo Finance via yfinance
2020-07-08,94.18000030517578,95.375,94.08999633789062,95.34249877929688,92.23374938964844,117092000,AAPL,Yahoo Finance via yfinance
2020-07-09,96.26249694824219,96.31749725341797,94.67250061035156,95.75250244140625,92.6303482055664,125642800,AAPL,Yahoo Finance via yfinance
2020-07-10,95.33499908447266,95.9800033569336,94.70500183105469,95.91999816894531,92.79239654541016,90257200,AAPL,Yahoo Finance via yfinance
2020-07-13,97.26499938964844,99.95500183105469,95.25749969482422,95.47750091552734,92.36431884765625,191649200,AAPL,Yahoo Finance via yfinance
2020-07-14,94.83999633789062,97.25499725341797,93.87750244140625,97.05750274658203,93.8927993774414,170989200,AAPL,Yahoo Finance via yfinance
2020-07-15,98.98999786376953,99.24749755859375,96.48999786376953,97.7249984741211,94.53853607177734,153198000,AAPL,Yahoo Finance via yfinance
2020-07-16,96.5625,97.40499877929688,95.90499877929688,96.52249908447266,93.37525177001953,110577600,AAPL,Yahoo Finance via yfinance
2020-07-17,96.98750305175781,97.14749908447266,95.83999633789062,96.32749938964844,93.18659973144531,92186800,AAPL,Yahoo Finance via yfinance
2020-07-20,96.4175033569336,98.5,96.0625,98.35749816894531,95.15040588378906,90318000,AAPL,Yahoo Finance via yfinance
2020-07-21,99.17250061035156,99.25,96.74250030517578,97.0,93.83717346191406,103433200,AAPL,Yahoo Finance via yfinance
2020-07-22,96.69249725341797,97.9749984741211,96.60250091552734,97.27249908447266,94.10079956054688,89001600,AAPL,Yahoo Finance via yfinance
2020-07-23,96.99749755859375,97.07749938964844,92.01000213623047,92.84500122070312,89.81766510009766,197004400,AAPL,Yahoo Finance via yfinance
2020-07-24,90.98750305175781,92.97000122070312,89.1449966430664,92.61499786376953,89.59515380859375,185438800,AAPL,Yahoo Finance via yfinance
2020-07-27,93.70999908447266,94.90499877929688,93.4800033569336,94.80999755859375,91.71859741210938,121214000,AAPL,Yahoo Finance via yfinance
2020-07-28,94.36750030517578,94.55000305175781,93.24749755859375,93.25250244140625,90.2118911743164,103625600,AAPL,Yahoo Finance via yfinance
2020-07-29,93.75,95.2300033569336,93.7125015258789,95.04000091552734,91.94109344482422,90329200,AAPL,Yahoo Finance via yfinance
2020-07-30,94.1875,96.29750061035156,93.76750183105469,96.19000244140625,93.05358123779297,158130000,AAPL,Yahoo Finance via yfinance
2020-07-31,102.88500213623047,106.41500091552734,100.82499694824219,106.26000213623047,102.7952651977539,374336800,AAPL,Yahoo Finance via yfinance
2020-08-03,108.19999694824219,111.63749694824219,107.89250183105469,108.9375,105.38543701171875,308151200,AAPL,Yahoo Finance via yfinance
2020-08-04,109.13249969482422,110.79000091552734,108.38749694824219,109.66500091552734,106.08920288085938,173071600,AAPL,Yahoo Finance via yfinance
2020-08-05,109.37750244140625,110.39250183105469,108.89749908447266,110.0625,106.47377014160156,121776800,AAPL,Yahoo Finance via yfinance
2020-08-06,110.40499877929688,114.4124984741211,109.79750061035156,113.90249633789062,110.18852996826172,202428800,AAPL,Yahoo Finance via yfinance
2020-08-07,113.20500183105469,113.67500305175781,110.2925033569336,111.11250305175781,107.68331146240234,198045600,AAPL,Yahoo Finance via yfinance
2020-08-10,112.5999984741211,113.7750015258789,110.0,112.72750091552734,109.24847412109375,212403600,AAPL,Yahoo Finance via yfinance
2020-08-11,111.97000122070312,112.48249816894531,109.10749816894531,109.375,105.99944305419922,187902400,AAPL,Yahoo Finance via yfinance
2020-08-12,110.49749755859375,113.2750015258789,110.29750061035156,113.01000213623047,109.52226257324219,165598000,AAPL,Yahoo Finance via yfinance
2020-08-13,114.43000030517578,116.0425033569336,113.92749786376953,115.01000213623047,111.46054077148438,210082000,AAPL,Yahoo Finance via yfinance
2020-08-14,114.83000183105469,115.0,113.04499816894531,114.90750122070312,111.36119842529297,165565200,AAPL,Yahoo Finance via yfinance
2020-08-17,116.0625,116.0875015258789,113.9625015258789,114.60749816894531,111.0704574584961,119561600,AAPL,Yahoo Finance via yfinance
2020-08-18,114.35250091552734,116.0,114.00749969482422,115.5625,111.9959716796875,105633600,AAPL,Yahoo Finance via yfinance
2020-08-19,115.98249816894531,117.1624984741211,115.61000061035156,115.7074966430664,112.13648986816406,145538000,AAPL,Yahoo Finance via yfinance
2020-08-20,115.75,118.39250183105469,115.73249816894531,118.2750015258789,114.62477111816406,126907200,AAPL,Yahoo Finance via yfinance
2020-08-21,119.26249694824219,124.86750030517578,119.25,124.37000274658203,120.53167724609375,338054800,AAPL,Yahoo Finance via yfinance
2020-08-24,128.69749450683594,128.78500366210938,123.9375,125.85749816894531,121.9732666015625,345937600,AAPL,Yahoo Finance via yfinance
2020-08-25,124.69750213623047,125.18000030517578,123.05249786376953,124.82499694824219,120.97262573242188,211495600,AAPL,Yahoo Finance via yfinance
2020-08-26,126.18000030517578,126.99250030517578,125.0824966430664,126.52249908447266,122.61774444580078,163022400,AAPL,Yahoo Finance via yfinance
2020-08-27,127.14250183105469,127.48500061035156,123.8324966430664,125.01000213623047,121.15192413330078,155552400,AAPL,Yahoo Finance via yfinance
2020-08-28,126.01249694824219,126.44249725341797,124.57749938964844,124.80750274658203,120.95567321777344,187630000,AAPL,Yahoo Finance via yfinance
2020-08-31,127.58000183105469,131.0,126.0,129.0399932861328,125.05753326416016,225702700,AAPL,Yahoo Finance via yfinance
2020-09-01,132.75999450683594,134.8000030517578,130.52999877929688,134.17999267578125,130.03890991210938,151948100,AAPL,Yahoo Finance via yfinance
2020-09-02,137.58999633789062,137.97999572753906,127.0,131.39999389648438,127.34473419189453,200119000,AAPL,Yahoo Finance via yfinance
2020-09-03,126.91000366210938,128.83999633789062,120.5,120.87999725341797,117.14935302734375,257599600,AAPL,Yahoo Finance via yfinance
2020-09-04,120.06999969482422,123.69999694824219,110.88999938964844,120.95999908447266,117.2269058227539,332607200,AAPL,Yahoo Finance via yfinance
2020-09-08,113.94999694824219,118.98999786376953,112.68000030517578,112.81999969482422,109.33811950683594,231366600,AAPL,Yahoo Finance via yfinance
2020-09-09,117.26000213623047,119.13999938964844,115.26000213623047,117.31999969482422,113.69926452636719,176940500,AAPL,Yahoo Finance via yfinance
2020-09-10,120.36000061035156,120.5,112.5,113.48999786376953,109.9874496459961,182274400,AAPL,Yahoo Finance via yfinance
2020-09-11,114.56999969482422,115.2300033569336,110.0,112.0,108.54342651367188,180860300,AAPL,Yahoo Finance via yfinance
2020-09-14,114.72000122070312,115.93000030517578,112.80000305175781,115.36000061035156,111.79972076416016,140150100,AAPL,Yahoo Finance via yfinance
2020-09-15,118.33000183105469,118.83000183105469,113.61000061035156,115.54000091552734,111.97417449951172,184642000,AAPL,Yahoo Finance via yfinance
2020-09-16,115.2300033569336,116.0,112.04000091552734,112.12999725341797,108.66941833496094,154679000,AAPL,Yahoo Finance via yfinance
2020-09-17,109.72000122070312,112.19999694824219,108.70999908447266,110.33999633789062,106.93465423583984,178011000,AAPL,Yahoo Finance via yfinance
2020-09-18,110.4000015258789,110.87999725341797,106.08999633789062,106.83999633789062,103.54268646240234,287104900,AAPL,Yahoo Finance via yfinance
2020-09-21,104.54000091552734,110.19000244140625,103.0999984741211,110.08000183105469,106.68269348144531,195713800,AAPL,Yahoo Finance via yfinance
2020-09-22,112.68000030517578,112.86000061035156,109.16000366210938,111.80999755859375,108.35930633544922,183055400,AAPL,Yahoo Finance via yfinance
2020-09-23,111.62000274658203,112.11000061035156,106.7699966430664,107.12000274658203,103.81405639648438,150718700,AAPL,Yahoo Finance via yfinance
2020-09-24,105.16999816894531,110.25,105.0,108.22000122070312,104.88009643554688,167743300,AAPL,Yahoo Finance via yfinance
2020-09-25,108.43000030517578,112.44000244140625,107.66999816894531,112.27999877929688,108.8147964477539,149981400,AAPL,Yahoo Finance via yfinance
2020-09-28,115.01000213623047,115.31999969482422,112.77999877929688,114.95999908447266,111.41207122802734,137672400,AAPL,Yahoo Finance via yfinance
2020-09-29,114.55000305175781,115.30999755859375,113.56999969482422,114.08999633789062,110.56893157958984,99382200,AAPL,Yahoo Finance via yfinance
2020-09-30,113.79000091552734,117.26000213623047,113.62000274658203,115.80999755859375,112.23584747314453,142675200,AAPL,Yahoo Finance via yfinance
2020-10-01,117.63999938964844,117.72000122070312,115.83000183105469,116.79000091552734,113.18561553955078,116120400,AAPL,Yahoo Finance via yfinance
2020-10-02,112.88999938964844,115.37000274658203,112.22000122070312,113.0199966430664,109.53195190429688,144712000,AAPL,Yahoo Finance via yfinance
2020-10-05,113.91000366210938,116.6500015258789,113.55000305175781,116.5,112.9045639038086,106243800,AAPL,Yahoo Finance via yfinance
2020-10-06,115.69999694824219,116.12000274658203,112.25,113.16000366210938,109.66763305664062,161498200,AAPL,Yahoo Finance via yfinance
2020-10-07,114.62000274658203,115.55000305175781,114.12999725341797,115.08000183105469,111.52837371826172,96849000,AAPL,Yahoo Finance via yfinance
2020-10-08,116.25,116.4000015258789,114.58999633789062,114.97000122070312,111.42179107666016,83477200,AAPL,Yahoo Finance via yfinance
2020-10-09,115.27999877929688,117.0,114.91999816894531,116.97000122070312,113.36006164550781,100506900,AAPL,Yahoo Finance via yfinance
2020-10-12,120.05999755859375,125.18000030517578,119.27999877929688,124.4000015258789,120.56073760986328,240226800,AAPL,Yahoo Finance via yfinance
2020-10-13,125.2699966430664,125.38999938964844,119.6500015258789,121.0999984741211,117.36257934570312,262330500,AAPL,Yahoo Finance via yfinance
2020-10-14,121.0,123.02999877929688,119.62000274658203,121.19000244140625,117.44982147216797,150712000,AAPL,Yahoo Finance via yfinance
2020-10-15,118.72000122070312,121.19999694824219,118.1500015258789,120.70999908447266,116.984619140625,112559200,AAPL,Yahoo Finance via yfinance
2020-10-16,121.27999877929688,121.55000305175781,118.80999755859375,119.0199966430664,115.34677124023438,115393800,AAPL,Yahoo Finance via yfinance
2020-10-19,119.95999908447266,120.41999816894531,115.66000366210938,115.9800033569336,112.40060424804688,120639300,AAPL,Yahoo Finance via yfinance
2020-10-20,116.19999694824219,118.9800033569336,115.62999725341797,117.51000213623047,113.88338470458984,124423700,AAPL,Yahoo Finance via yfinance
2020-10-21,116.66999816894531,118.70999908447266,116.44999694824219,116.87000274658203,113.26313781738281,89946000,AAPL,Yahoo Finance via yfinance
2020-10-22,117.44999694824219,118.04000091552734,114.58999633789062,115.75,112.17770385742188,101988000,AAPL,Yahoo Finance via yfinance
2020-10-23,116.38999938964844,116.55000305175781,114.27999877929688,115.04000091552734,111.4896011352539,82572600,AAPL,Yahoo Finance via yfinance
2020-10-26,114.01000213623047,116.55000305175781,112.87999725341797,115.05000305175781,111.4992904663086,111850700,AAPL,Yahoo Finance via yfinance
2020-10-27,115.48999786376953,117.27999877929688,114.54000091552734,116.5999984741211,113.00146484375,92276800,AAPL,Yahoo Finance via yfinance
2020-10-28,115.05000305175781,115.43000030517578,111.0999984741211,111.19999694824219,107.76812744140625,143937800,AAPL,Yahoo Finance via yfinance
2020-10-29,112.37000274658203,116.93000030517578,112.19999694824219,115.31999969482422,111.76097106933594,146129200,AAPL,Yahoo Finance via yfinance
2020-10-30,111.05999755859375,111.98999786376953,107.72000122070312,108.86000061035156,105.5003433227539,190272600,AAPL,Yahoo Finance via yfinance
2020-11-02,109.11000061035156,110.68000030517578,107.31999969482422,108.7699966430664,105.4131088256836,122866900,AAPL,Yahoo Finance via yfinance
2020-11-03,109.66000366210938,111.48999786376953,108.7300033569336,110.44000244140625,107.03157806396484,107624400,AAPL,Yahoo Finance via yfinance
2020-11-04,114.13999938964844,115.58999633789062,112.3499984741211,114.94999694824219,111.40237426757812,138235500,AAPL,Yahoo Finance via yfinance
2020-11-05,117.94999694824219,119.62000274658203,116.87000274658203,119.02999877929688,115.35646057128906,126387100,AAPL,Yahoo Finance via yfinance
2020-11-06,118.31999969482422,119.19999694824219,116.12999725341797,118.69000244140625,115.22541809082031,114457900,AAPL,Yahoo Finance via yfinance
2020-11-09,120.5,121.98999786376953,116.05000305175781,116.31999969482422,112.92459106445312,154515300,AAPL,Yahoo Finance via yfinance
2020-11-10,115.55000305175781,117.58999633789062,114.12999725341797,115.97000122070312,112.58480072021484,138023400,AAPL,Yahoo Finance via yfinance
2020-11-11,117.19000244140625,119.62999725341797,116.44000244140625,119.48999786376953,116.0020751953125,112295000,AAPL,Yahoo Finance via yfinance
2020-11-12,119.62000274658203,120.52999877929688,118.56999969482422,119.20999908447266,115.73023986816406,103162300,AAPL,Yahoo Finance via yfinance
2020-11-13,119.44000244140625,119.66999816894531,117.87000274658203,119.26000213623047,115.77879333496094,81581900,AAPL,Yahoo Finance via yfinance
2020-11-16,118.91999816894531,120.98999786376953,118.1500015258789,120.30000305175781,116.78839874267578,91183000,AAPL,Yahoo Finance via yfinance
2020-11-17,119.55000305175781,120.66999816894531,118.95999908447266,119.38999938964844,115.90496826171875,74271000,AAPL,Yahoo Finance via yfinance
2020-11-18,118.61000061035156,119.81999969482422,118.0,118.02999877929688,114.5846939086914,76322100,AAPL,Yahoo Finance via yfinance
2020-11-19,117.58999633789062,119.05999755859375,116.80999755859375,118.63999938964844,115.17688751220703,74113000,AAPL,Yahoo Finance via yfinance
2020-11-20,118.63999938964844,118.7699966430664,117.29000091552734,117.33999633789062,113.9148178100586,73604300,AAPL,Yahoo Finance via yfinance
2020-11-23,117.18000030517578,117.62000274658203,113.75,113.8499984741211,110.52670288085938,127959300,AAPL,Yahoo Finance via yfinance
2020-11-24,113.91000366210938,115.8499984741211,112.58999633789062,115.16999816894531,111.80818176269531,113874200,AAPL,Yahoo Finance via yfinance
2020-11-25,115.55000305175781,116.75,115.16999816894531,116.02999877929688,112.64305877685547,76499200,AAPL,Yahoo Finance via yfinance
2020-11-27,116.56999969482422,117.48999786376953,116.22000122070312,116.58999633789062,113.18670654296875,46691300,AAPL,Yahoo Finance via yfinance
2020-11-30,116.97000122070312,120.97000122070312,116.80999755859375,119.05000305175781,115.57492065429688,169410200,AAPL,Yahoo Finance via yfinance
2020-12-01,121.01000213623047,123.47000122070312,120.01000213623047,122.72000122070312,119.13777923583984,127728200,AAPL,Yahoo Finance via yfinance
2020-12-02,122.0199966430664,123.37000274658203,120.88999938964844,123.08000183105469,119.48728942871094,89004200,AAPL,Yahoo Finance via yfinance
2020-12-03,123.5199966430664,123.77999877929688,122.20999908447266,122.94000244140625,119.35134887695312,78967600,AAPL,Yahoo Finance via yfinance
2020-12-04,122.5999984741211,122.86000061035156,121.5199966430664,122.25,118.68150329589844,78260400,AAPL,Yahoo Finance via yfinance
2020-12-07,122.30999755859375,124.56999969482422,122.25,123.75,120.13771057128906,86712000,AAPL,Yahoo Finance via yfinance
2020-12-08,124.37000274658203,124.9800033569336,123.08999633789062,124.37999725341797,120.74932098388672,82225500,AAPL,Yahoo Finance via yfinance
2020-12-09,124.52999877929688,125.94999694824219,121.0,121.77999877929688,118.2252197265625,115089200,AAPL,Yahoo Finance via yfinance
2020-12-10,120.5,123.87000274658203,120.1500015258789,123.23999786376953,119.64259338378906,81312200,AAPL,Yahoo Finance via yfinance
2020-12-11,122.43000030517578,122.76000213623047,120.55000305175781,122.41000366210938,118.83682250976562,86939800,AAPL,Yahoo Finance via yfinance
2020-12-14,122.5999984741211,123.3499984741211,121.54000091552734,121.77999877929688,118.2252197265625,79184500,AAPL,Yahoo Finance via yfinance
2020-12-15,124.33999633789062,127.9000015258789,124.12999725341797,127.87999725341797,124.14717102050781,157243700,AAPL,Yahoo Finance via yfinance
2020-12-16,127.41000366210938,128.3699951171875,126.55999755859375,127.80999755859375,124.07919311523438,98208600,AAPL,Yahoo Finance via yfinance
2020-12-17,128.89999389648438,129.5800018310547,128.0399932861328,128.6999969482422,124.94322204589844,94359800,AAPL,Yahoo Finance via yfinance
2020-12-18,128.9600067138672,129.10000610351562,126.12000274658203,126.66000366210938,122.9627914428711,192541500,AAPL,Yahoo Finance via yfinance
2020-12-21,125.0199966430664,128.30999755859375,123.44999694824219,128.22999572753906,124.4869384765625,121251600,AAPL,Yahoo Finance via yfinance
2020-12-22,131.61000061035156,134.41000366210938,129.64999389648438,131.8800048828125,128.03041076660156,168904800,AAPL,Yahoo Finance via yfinance
2020-12-23,132.16000366210938,132.42999267578125,130.77999877929688,130.9600067138672,127.13728332519531,88223700,AAPL,Yahoo Finance via yfinance
2020-12-24,131.32000732421875,133.4600067138672,131.10000610351562,131.97000122070312,128.11778259277344,54930100,AAPL,Yahoo Finance via yfinance
2020-12-28,133.99000549316406,137.33999633789062,133.50999450683594,136.69000244140625,132.70001220703125,124486200,AAPL,Yahoo Finance via yfinance
2020-12-29,138.0500030517578,138.7899932861328,134.33999633789062,134.8699951171875,130.9331512451172,121047300,AAPL,Yahoo Finance via yfinance
2020-12-30,135.5800018310547,135.99000549316406,133.39999389648438,133.72000122070312,129.81668090820312,96452100,AAPL,Yahoo Finance via yfinance
2020-12-31,134.0800018310547,134.74000549316406,131.72000122070312,132.69000244140625,128.81678771972656,99116600,AAPL,Yahoo Finance via yfinance
2021-01-04,133.52000427246094,133.61000061035156,126.76000213623047,129.41000366210938,125.63250732421875,143301900,AAPL,Yahoo Finance via yfinance
2021-01-05,128.88999938964844,131.74000549316406,128.42999267578125,131.00999450683594,127.185791015625,97664900,AAPL,Yahoo Finance via yfinance
2021-01-06,127.72000122070312,131.0500030517578,126.37999725341797,126.5999984741211,122.90453338623047,155088000,AAPL,Yahoo Finance via yfinance
2021-01-07,128.36000061035156,131.6300048828125,127.86000061035156,130.9199981689453,127.09844207763672,109578200,AAPL,Yahoo Finance via yfinance
2021-01-08,132.42999267578125,132.6300048828125,130.22999572753906,132.0500030517578,128.19544982910156,105158200,AAPL,Yahoo Finance via yfinance
2021-01-11,129.19000244140625,130.1699981689453,128.5,128.97999572753906,125.21502685546875,100384500,AAPL,Yahoo Finance via yfinance
2021-01-12,128.5,129.69000244140625,126.86000061035156,128.8000030517578,125.04032135009766,91951100,AAPL,Yahoo Finance via yfinance
2021-01-13,128.75999450683594,131.4499969482422,128.49000549316406,130.88999938964844,127.06932067871094,88636800,AAPL,Yahoo Finance via yfinance
2021-01-14,130.8000030517578,131.0,128.75999450683594,128.91000366210938,125.1470718383789,90221800,AAPL,Yahoo Finance via yfinance
2021-01-15,128.77999877929688,130.22000122070312,127.0,127.13999938964844,123.42874145507812,111598500,AAPL,Yahoo Finance via yfinance
2021-01-19,127.77999877929688,128.7100067138672,126.94000244140625,127.83000183105469,124.09861755371094,90757300,AAPL,Yahoo Finance via yfinance
2021-01-20,128.66000366210938,132.49000549316406,128.5500030517578,132.02999877929688,128.17604064941406,104319500,AAPL,Yahoo Finance via yfinance
2021-01-21,133.8000030517578,139.6699981689453,133.58999633789062,136.8699951171875,132.87472534179688,120150900,AAPL,Yahoo Finance via yfinance
2021-01-22,136.27999877929688,139.85000610351562,135.02000427246094,139.07000732421875,135.01052856445312,114459400,AAPL,Yahoo Finance via yfinance
2021-01-25,143.07000732421875,145.08999633789062,136.5399932861328,142.9199981689453,138.74810791015625,157611700,AAPL,Yahoo Finance via yfinance
2021-01-26,143.60000610351562,144.3000030517578,141.3699951171875,143.16000366210938,138.98118591308594,98390600,AAPL,Yahoo Finance via yfinance
2021-01-27,143.42999267578125,144.3000030517578,140.41000366210938,142.05999755859375,137.9132537841797,140843800,AAPL,Yahoo Finance via yfinance
2021-01-28,139.52000427246094,141.99000549316406,136.6999969482422,137.08999633789062,133.0883331298828,142621100,AAPL,Yahoo Finance via yfinance
2021-01-29,135.8300018310547,136.74000549316406,130.2100067138672,131.9600067138672,128.1080322265625,177523800,AAPL,Yahoo Finance via yfinance
2021-02-01,133.75,135.3800048828125,130.92999267578125,134.13999938964844,130.22445678710938,106239800,AAPL,Yahoo Finance via yfinance
2021-02-02,135.72999572753906,136.30999755859375,134.61000061035156,134.99000549316406,131.04962158203125,83305400,AAPL,Yahoo Finance via yfinance
2021-02-03,135.75999450683594,135.77000427246094,133.61000061035156,133.94000244140625,130.03030395507812,89880900,AAPL,Yahoo Finance via yfinance
2021-02-04,136.3000030517578,137.39999389648438,134.58999633789062,137.38999938964844,133.37957763671875,84183100,AAPL,Yahoo Finance via yfinance
2021-02-05,137.35000610351562,137.4199981689453,135.86000061035156,136.75999450683594,132.96633911132812,75693800,AAPL,Yahoo Finance via yfinance
2021-02-08,136.02999877929688,136.9600067138672,134.9199981689453,136.91000366210938,133.11219787597656,71297200,AAPL,Yahoo Finance via yfinance
2021-02-09,136.6199951171875,137.8800048828125,135.85000610351562,136.00999450683594,132.23712158203125,76774200,AAPL,Yahoo Finance via yfinance
2021-02-10,136.47999572753906,136.99000549316406,134.39999389648438,135.38999938964844,131.6343231201172,73046600,AAPL,Yahoo Finance via yfinance
2021-02-11,135.89999389648438,136.38999938964844,133.77000427246094,135.1300048828125,131.38156127929688,64280000,AAPL,Yahoo Finance via yfinance
2021-02-12,134.35000610351562,135.52999877929688,133.69000244140625,135.3699951171875,131.6148681640625,60145100,AAPL,Yahoo Finance via yfinance
2021-02-16,135.49000549316406,136.00999450683594,132.7899932861328,133.19000244140625,129.49537658691406,80576300,AAPL,Yahoo Finance via yfinance
2021-02-17,131.25,132.22000122070312,129.47000122070312,130.83999633789062,127.21058654785156,97918500,AAPL,Yahoo Finance via yfinance
2021-02-18,129.1999969482422,130.0,127.41000366210938,129.7100067138672,126.11190032958984,96856700,AAPL,Yahoo Finance via yfinance
2021-02-19,130.24000549316406,130.7100067138672,128.8000030517578,129.8699951171875,126.26746368408203,87668800,AAPL,Yahoo Finance via yfinance
2021-02-22,128.00999450683594,129.72000122070312,125.5999984741211,126.0,122.50480651855469,103916400,AAPL,Yahoo Finance via yfinance
2021-02-23,123.76000213623047,126.70999908447266,118.38999938964844,125.86000061035156,122.36869812011719,158273000,AAPL,Yahoo Finance via yfinance
2021-02-24,124.94000244140625,125.55999755859375,122.2300033569336,125.3499984741211,121.87285614013672,111039900,AAPL,Yahoo Finance via yfinance
2021-02-25,124.68000030517578,126.45999908447266,120.54000091552734,120.98999786376953,117.63381958007812,148199500,AAPL,Yahoo Finance via yfinance
2021-02-26,122.58999633789062,124.8499984741211,121.19999694824219,121.26000213623047,117.89631652832031,164560400,AAPL,Yahoo Finance via yfinance
2021-03-01,123.75,127.93000030517578,122.79000091552734,127.79000091552734,124.24517059326172,116307900,AAPL,Yahoo Finance via yfinance
2021-03-02,128.41000366210938,128.72000122070312,125.01000213623047,125.12000274658203,121.64923858642578,102260900,AAPL,Yahoo Finance via yfinance
2021-03-03,124.80999755859375,125.70999908447266,121.83999633789062,122.05999755859375,118.67413330078125,112966300,AAPL,Yahoo Finance via yfinance
2021-03-04,121.75,123.5999984741211,118.62000274658203,120.12999725341797,116.79766082763672,178155000,AAPL,Yahoo Finance via yfinance
2021-03-05,120.9800033569336,121.94000244140625,117.56999969482422,121.41999816894531,118.0518569946289,153766600,AAPL,Yahoo Finance via yfinance
2021-03-08,120.93000030517578,121.0,116.20999908447266,116.36000061035156,113.1322250366211,154376600,AAPL,Yahoo Finance via yfinance
2021-03-09,119.02999877929688,122.05999755859375,118.79000091552734,121.08999633789062,117.73102569580078,129525800,AAPL,Yahoo Finance via yfinance
2021-03-10,121.69000244140625,122.16999816894531,119.44999694824219,119.9800033569336,116.65181732177734,111943300,AAPL,Yahoo Finance via yfinance
2021-03-11,122.54000091552734,123.20999908447266,121.26000213623047,121.95999908447266,118.57688903808594,103026500,AAPL,Yahoo Finance via yfinance
2021-03-12,120.4000015258789,121.16999816894531,119.16000366210938,121.02999877929688,117.67269134521484,88105100,AAPL,Yahoo Finance via yfinance
2021-03-15,121.41000366210938,124.0,120.41999816894531,123.98999786376953,120.55058288574219,92403800,AAPL,Yahoo Finance via yfinance
2021-03-16,125.69999694824219,127.22000122070312,124.72000122070312,125.56999969482422,122.08674621582031,115227900,AAPL,Yahoo Finance via yfinance
2021-03-17,124.05000305175781,125.86000061035156,122.33999633789062,124.76000213623047,121.29922485351562,111932600,AAPL,Yahoo Finance via yfinance
2021-03-18,122.87999725341797,123.18000030517578,120.31999969482422,120.52999877929688,117.18656921386719,121229700,AAPL,Yahoo Finance via yfinance
2021-03-19,119.9000015258789,121.43000030517578,119.68000030517578,119.98999786376953,116.66152954101562,185549500,AAPL,Yahoo Finance via yfinance
2021-03-22,120.33000183105469,123.87000274658203,120.26000213623047,123.38999938964844,119.96723175048828,111912300,AAPL,Yahoo Finance via yfinance
2021-03-23,123.33000183105469,124.23999786376953,122.13999938964844,122.54000091552734,119.14080810546875,95467100,AAPL,Yahoo Finance via yfinance
2021-03-24,122.81999969482422,122.9000015258789,120.06999969482422,120.08999633789062,116.75874328613281,88530500,AAPL,Yahoo Finance via yfinance
2021-03-25,119.54000091552734,121.66000366210938,119.0,120.58999633789062,117.24490356445312,98844700,AAPL,Yahoo Finance via yfinance
2021-03-26,120.3499984741211,121.4800033569336,118.91999816894531,121.20999908447266,117.84770202636719,94071200,AAPL,Yahoo Finance via yfinance
2021-03-29,121.6500015258789,122.58000183105469,120.7300033569336,121.38999938964844,118.02269744873047,80819200,AAPL,Yahoo Finance via yfinance
2021-03-30,120.11000061035156,120.4000015258789,118.86000061035156,119.9000015258789,116.57402038574219,85671900,AAPL,Yahoo Finance via yfinance
2021-03-31,121.6500015258789,123.5199966430664,121.1500015258789,122.1500015258789,118.76163482666016,118323800,AAPL,Yahoo Finance via yfinance
2021-04-01,123.66000366210938,124.18000030517578,122.48999786376953,123.0,119.5880355834961,75089100,AAPL,Yahoo Finance via yfinance
2021-04-05,123.87000274658203,126.16000366210938,123.06999969482422,125.9000015258789,122.4075927734375,88651200,AAPL,Yahoo Finance via yfinance
2021-04-06,126.5,127.12999725341797,125.6500015258789,126.20999908447266,122.70897674560547,80171300,AAPL,Yahoo Finance via yfinance
2021-04-07,125.83000183105469,127.91999816894531,125.13999938964844,127.9000015258789,124.35211944580078,83466700,AAPL,Yahoo Finance via yfinance
2021-04-08,128.9499969482422,130.38999938964844,128.52000427246094,130.36000061035156,126.74388885498047,88844600,AAPL,Yahoo Finance via yfinance
2021-04-09,129.8000030517578,133.0399932861328,129.47000122070312,133.0,129.31068420410156,106686700,AAPL,Yahoo Finance via yfinance
2021-04-12,132.52000427246094,132.85000610351562,130.6300048828125,131.24000549316406,127.59947967529297,91420000,AAPL,Yahoo Finance via yfinance
2021-04-13,132.44000244140625,134.66000366210938,131.92999267578125,134.42999267578125,130.70098876953125,91266500,AAPL,Yahoo Finance via yfinance
2021-04-14,134.94000244140625,135.0,131.66000366210938,132.02999877929688,128.36752319335938,87222800,AAPL,Yahoo Finance via yfinance
2021-04-15,133.82000732421875,135.0,133.63999938964844,134.5,130.76907348632812,89347100,AAPL,Yahoo Finance via yfinance
2021-04-16,134.3000030517578,134.6699981689453,133.27999877929688,134.16000366210938,130.4384765625,84922400,AAPL,Yahoo Finance via yfinance
2021-04-19,133.50999450683594,135.47000122070312,133.33999633789062,134.83999633789062,131.09962463378906,94264200,AAPL,Yahoo Finance via yfinance
2021-04-20,135.02000427246094,135.52999877929688,131.80999755859375,133.11000061035156,129.41757202148438,94812300,AAPL,Yahoo Finance via yfinance
2021-04-21,132.36000061035156,133.75,131.3000030517578,133.5,129.79681396484375,68847100,AAPL,Yahoo Finance via yfinance
2021-04-22,133.0399932861328,134.14999389648438,131.41000366210938,131.94000244140625,128.2800750732422,84566500,AAPL,Yahoo Finance via yfinance
2021-04-23,132.16000366210938,135.1199951171875,132.16000366210938,134.32000732421875,130.5940399169922,78657500,AAPL,Yahoo Finance via yfinance
2021-04-26,134.8300018310547,135.05999755859375,133.55999755859375,134.72000122070312,130.98294067382812,66905100,AAPL,Yahoo Finance via yfinance
2021-04-27,135.00999450683594,135.41000366210938,134.11000061035156,134.38999938964844,130.662109375,66015800,AAPL,Yahoo Finance via yfinance
2021-04-28,134.30999755859375,135.02000427246094,133.0800018310547,133.5800018310547,129.8745880126953,107760100,AAPL,Yahoo Finance via yfinance
2021-04-29,136.47000122070312,137.07000732421875,132.4499969482422,133.47999572753906,129.77731323242188,151101000,AAPL,Yahoo Finance via yfinance
2021-04-30,131.77999877929688,133.55999755859375,131.07000732421875,131.4600067138672,127.8133773803711,109839500,AAPL,Yahoo Finance via yfinance
2021-05-03,132.0399932861328,134.07000732421875,131.8300018310547,132.5399932861328,128.8634033203125,75135100,AAPL,Yahoo Finance via yfinance
2021-05-04,131.19000244140625,131.49000549316406,126.69999694824219,127.8499984741211,124.30351257324219,137564700,AAPL,Yahoo Finance via yfinance
2021-05-05,129.1999969482422,130.4499969482422,127.97000122070312,128.10000610351562,124.54659271240234,84000900,AAPL,Yahoo Finance via yfinance
2021-05-06,127.88999938964844,129.75,127.12999725341797,129.74000549316406,126.14105224609375,78128300,AAPL,Yahoo Finance via yfinance
2021-05-07,130.85000610351562,131.25999450683594,129.47999572753906,130.2100067138672,126.81307983398438,78973300,AAPL,Yahoo Finance via yfinance
2021-05-10,129.41000366210938,129.5399932861328,126.80999755859375,126.8499984741211,123.54073333740234,88071200,AAPL,Yahoo Finance via yfinance
2021-05-11,123.5,126.2699966430664,122.7699966430664,125.91000366210938,122.6252670288086,126142800,AAPL,Yahoo Finance via yfinance
2021-05-12,123.4000015258789,124.63999938964844,122.25,122.7699966430664,119.56716918945312,112172300,AAPL,Yahoo Finance via yfinance
2021-05-13,124.58000183105469,126.1500015258789,124.26000213623047,124.97000122070312,121.70979309082031,105861300,AAPL,Yahoo Finance via yfinance
2021-05-14,126.25,127.88999938964844,125.8499984741211,127.44999694824219,124.12506866455078,81918000,AAPL,Yahoo Finance via yfinance
2021-05-17,126.81999969482422,126.93000030517578,125.16999816894531,126.2699966430664,122.97586059570312,74244600,AAPL,Yahoo Finance via yfinance
2021-05-18,126.55999755859375,126.98999786376953,124.77999877929688,124.8499984741211,121.59291076660156,63342900,AAPL,Yahoo Finance via yfinance
2021-05-19,123.16000366210938,124.91999816894531,122.86000061035156,124.69000244140625,121.43708038330078,92612000,AAPL,Yahoo Finance via yfinance
2021-05-20,125.2300033569336,127.72000122070312,125.0999984741211,127.30999755859375,123.98873138427734,76857100,AAPL,Yahoo Finance via yfinance
2021-05-21,127.81999969482422,128.0,125.20999908447266,125.43000030517578,122.15777587890625,79295400,AAPL,Yahoo Finance via yfinance
2021-05-24,126.01000213623047,127.94000244140625,125.94000244140625,127.0999984741211,123.78421020507812,63092900,AAPL,Yahoo Finance via yfinance
2021-05-25,127.81999969482422,128.32000732421875,126.31999969482422,126.9000015258789,123.58942413330078,72009500,AAPL,Yahoo Finance via yfinance
2021-05-26,126.95999908447266,127.38999938964844,126.41999816894531,126.8499984741211,123.54073333740234,56575900,AAPL,Yahoo Finance via yfinance
2021-05-27,126.44000244140625,127.63999938964844,125.08000183105469,125.27999877929688,122.0116958618164,94625600,AAPL,Yahoo Finance via yfinance
2021-05-28,125.56999969482422,125.80000305175781,124.55000305175781,124.61000061035156,121.35917663574219,71311100,AAPL,Yahoo Finance via yfinance
2021-06-01,125.08000183105469,125.3499984741211,123.94000244140625,124.27999877929688,121.03778076171875,67637100,AAPL,Yahoo Finance via yfinance
2021-06-02,124.27999877929688,125.23999786376953,124.05000305175781,125.05999755859375,121.79744720458984,59278900,AAPL,Yahoo Finance via yfinance
2021-06-03,124.68000030517578,124.8499984741211,123.12999725341797,123.54000091552734,120.31707000732422,76229200,AAPL,Yahoo Finance via yfinance
2021-06-04,124.06999969482422,126.16000366210938,123.8499984741211,125.88999938964844,122.60579681396484,75169300,AAPL,Yahoo Finance via yfinance
2021-06-07,126.16999816894531,126.31999969482422,124.83000183105469,125.9000015258789,122.61551666259766,71057600,AAPL,Yahoo Finance via yfinance
2021-06-08,126.5999984741211,128.4600067138672,126.20999908447266,126.73999786376953,123.43359375,74403800,AAPL,Yahoo Finance via yfinance
2021-06-09,127.20999908447266,127.75,126.5199966430664,127.12999725341797,123.81343841552734,56877900,AAPL,Yahoo Finance via yfinance
2021-06-10,127.0199966430664,128.19000244140625,125.94000244140625,126.11000061035156,122.82003021240234,71186400,AAPL,Yahoo Finance via yfinance
2021-06-11,126.52999877929688,127.44000244140625,126.0999984741211,127.3499984741211,124.02769470214844,53522400,AAPL,Yahoo Finance via yfinance
2021-06-14,127.81999969482422,130.5399932861328,127.06999969482422,130.47999572753906,127.07600402832031,96906500,AAPL,Yahoo Finance via yfinance
2021-06-15,129.94000244140625,130.60000610351562,129.38999938964844,129.63999938964844,126.25794219970703,62746300,AAPL,Yahoo Finance via yfinance
2021-06-16,130.3699951171875,130.88999938964844,128.4600067138672,130.14999389648438,126.7546157836914,91815000,AAPL,Yahoo Finance via yfinance
2021-06-17,129.8000030517578,132.5500030517578,129.64999389648438,131.7899932861328,128.35183715820312,96721700,AAPL,Yahoo Finance via yfinance
2021-06-18,130.7100067138672,131.50999450683594,130.24000549316406,130.4600067138672,127.05657196044922,108953300,AAPL,Yahoo Finance via yfinance
2021-06-21,130.3000030517578,132.41000366210938,129.2100067138672,132.3000030517578,128.84854125976562,79663300,AAPL,Yahoo Finance via yfinance
2021-06-22,132.1300048828125,134.0800018310547,131.6199951171875,133.97999572753906,130.48471069335938,74783600,AAPL,Yahoo Finance via yfinance
2021-06-23,133.77000427246094,134.32000732421875,133.22999572753906,133.6999969482422,130.21205139160156,60214200,AAPL,Yahoo Finance via yfinance
2021-06-24,134.4499969482422,134.63999938964844,132.92999267578125,133.41000366210938,129.92959594726562,68711000,AAPL,Yahoo Finance via yfinance
2021-06-25,133.4600067138672,133.88999938964844,132.80999755859375,133.11000061035156,129.6374053955078,70783700,AAPL,Yahoo Finance via yfinance
2021-06-28,133.41000366210938,135.25,133.35000610351562,134.77999877929688,131.26382446289062,62111300,AAPL,Yahoo Finance via yfinance
2021-06-29,134.8000030517578,136.49000549316406,134.35000610351562,136.3300018310547,132.77342224121094,64556100,AAPL,Yahoo Finance via yfinance
2021-06-30,136.1699981689453,137.41000366210938,135.8699951171875,136.9600067138672,133.38702392578125,63261400,AAPL,Yahoo Finance via yfinance
2021-07-01,136.60000610351562,137.3300018310547,135.75999450683594,137.27000427246094,133.68893432617188,52485800,AAPL,Yahoo Finance via yfinance
2021-07-02,137.89999389648438,140.0,137.75,139.9600067138672,136.3087158203125,78852600,AAPL,Yahoo Finance via yfinance
2021-07-06,140.07000732421875,143.14999389648438,140.07000732421875,142.02000427246094,138.3149871826172,108181800,AAPL,Yahoo Finance via yfinance
2021-07-07,143.5399932861328,144.88999938964844,142.66000366210938,144.57000732421875,140.7984619140625,104911600,AAPL,Yahoo Finance via yfinance
2021-07-08,141.5800018310547,144.05999755859375,140.6699981689453,143.24000549316406,139.503173828125,105575500,AAPL,Yahoo Finance via yfinance
2021-07-09,142.75,145.64999389648438,142.64999389648438,145.11000061035156,141.32437133789062,99890800,AAPL,Yahoo Finance via yfinance
2021-07-12,146.2100067138672,146.32000732421875,144.0,144.5,140.7302703857422,76299700,AAPL,Yahoo Finance via yfinance
2021-07-13,144.02999877929688,147.4600067138672,143.6300048828125,145.63999938964844,141.84054565429688,100827100,AAPL,Yahoo Finance via yfinance
2021-07-14,148.10000610351562,149.57000732421875,147.67999267578125,149.14999389648438,145.25892639160156,127050800,AAPL,Yahoo Finance via yfinance
2021-07-15,149.24000549316406,150.0,147.08999633789062,148.47999572753906,144.60643005371094,106820300,AAPL,Yahoo Finance via yfinance
2021-07-16,148.4600067138672,149.75999450683594,145.8800048828125,146.38999938964844,142.57098388671875,93251400,AAPL,Yahoo Finance via yfinance
2021-07-19,143.75,144.07000732421875,141.6699981689453,142.4499969482422,138.73377990722656,121434600,AAPL,Yahoo Finance via yfinance
2021-07-20,143.4600067138672,147.10000610351562,142.9600067138672,146.14999389648438,142.33724975585938,96350000,AAPL,Yahoo Finance via yfinance
2021-07-21,145.52999877929688,146.1300048828125,144.6300048828125,145.39999389648438,141.60679626464844,74993500,AAPL,Yahoo Finance via yfinance
2021-07-22,145.94000244140625,148.1999969482422,145.80999755859375,146.8000030517578,142.97024536132812,77338200,AAPL,Yahoo Finance via yfinance
2021-07-23,147.5500030517578,148.72000122070312,146.9199981689453,148.55999755859375,144.68435668945312,71447400,AAPL,Yahoo Finance via yfinance
2021-07-26,148.27000427246094,149.8300018310547,147.6999969482422,148.99000549316406,145.10317993164062,72434100,AAPL,Yahoo Finance via yfinance
2021-07-27,149.1199951171875,149.2100067138672,145.5500030517578,146.77000427246094,142.94107055664062,104818600,AAPL,Yahoo Finance via yfinance
2021-07-28,144.80999755859375,146.97000122070312,142.5399932861328,144.97999572753906,141.19775390625,118931200,AAPL,Yahoo Finance via yfinance
2021-07-29,144.69000244140625,146.5500030517578,144.5800018310547,145.63999938964844,141.84054565429688,56699500,AAPL,Yahoo Finance via yfinance
2021-07-30,144.3800048828125,146.3300018310547,144.11000061035156,145.86000061035156,142.05477905273438,70440600,AAPL,Yahoo Finance via yfinance
2021-08-02,146.36000061035156,146.9499969482422,145.25,145.52000427246094,141.7236785888672,62880000,AAPL,Yahoo Finance via yfinance
2021-08-03,145.80999755859375,148.0399932861328,145.17999267578125,147.36000061035156,143.51564025878906,64786600,AAPL,Yahoo Finance via yfinance
2021-08-04,147.27000427246094,147.7899932861328,146.27999877929688,146.9499969482422,143.11639404296875,56368300,AAPL,Yahoo Finance via yfinance
2021-08-05,146.97999572753906,147.83999633789062,146.1699981689453,147.05999755859375,143.22349548339844,46397700,AAPL,Yahoo Finance via yfinance
2021-08-06,146.35000610351562,147.11000061035156,145.6300048828125,146.13999938964844,142.54074096679688,54126800,AAPL,Yahoo Finance via yfinance
2021-08-09,146.1999969482422,146.6999969482422,145.52000427246094,146.08999633789062,142.4919891357422,48908700,AAPL,Yahoo Finance via yfinance
2021-08-10,146.44000244140625,147.7100067138672,145.3000030517578,145.60000610351562,142.01402282714844,69023100,AAPL,Yahoo Finance via yfinance
2021-08-11,146.0500030517578,146.72000122070312,145.52999877929688,145.86000061035156,142.26760864257812,48493500,AAPL,Yahoo Finance via yfinance
2021-08-12,146.19000244140625,149.0500030517578,145.83999633789062,148.88999938964844,145.22299194335938,72282600,AAPL,Yahoo Finance via yfinance
2021-08-13,148.97000122070312,149.44000244140625,148.27000427246094,149.10000610351562,145.42784118652344,59375000,AAPL,Yahoo Finance via yfinance
2021-08-16,148.5399932861328,151.19000244140625,146.47000122070312,151.1199951171875,147.3981170654297,103296000,AAPL,Yahoo Finance via yfinance
2021-08-17,150.22999572753906,151.67999267578125,149.08999633789062,150.19000244140625,146.49098205566406,92229700,AAPL,Yahoo Finance via yfinance
2021-08-18,149.8000030517578,150.72000122070312,146.14999389648438,146.36000061035156,142.7553253173828,86326000,AAPL,Yahoo Finance via yfinance
2021-08-19,145.02999877929688,148.0,144.5,146.6999969482422,143.08692932128906,86960300,AAPL,Yahoo Finance via yfinance
2021-08-20,147.44000244140625,148.5,146.77999877929688,148.19000244140625,144.5402374267578,60549600,AAPL,Yahoo Finance via yfinance
2021-08-23,148.30999755859375,150.19000244140625,147.88999938964844,149.7100067138672,146.02284240722656,60131800,AAPL,Yahoo Finance via yfinance
2021-08-24,149.4499969482422,150.86000061035156,149.14999389648438,149.6199951171875,145.93502807617188,48606400,AAPL,Yahoo Finance via yfinance
2021-08-25,149.80999755859375,150.32000732421875,147.8000030517578,148.36000061035156,144.70603942871094,58991300,AAPL,Yahoo Finance via yfinance
2021-08-26,148.35000610351562,149.1199951171875,147.50999450683594,147.5399932861328,143.90626525878906,48597200,AAPL,Yahoo Finance via yfinance
2021-08-27,147.47999572753906,148.75,146.8300018310547,148.60000610351562,144.94015502929688,55802400,AAPL,Yahoo Finance via yfinance
2021-08-30,149.0,153.49000549316406,148.61000061035156,153.1199951171875,149.34884643554688,90956700,AAPL,Yahoo Finance via yfinance
2021-08-31,152.66000366210938,152.8000030517578,151.2899932861328,151.8300018310547,148.09060668945312,86453100,AAPL,Yahoo Finance via yfinance
2021-09-01,152.8300018310547,154.97999572753906,152.33999633789062,152.50999450683594,148.7538299560547,80313700,AAPL,Yahoo Finance via yfinance
2021-09-02,153.8699951171875,154.72000122070312,152.39999389648438,153.64999389648438,149.8657989501953,71115500,AAPL,Yahoo Finance via yfinance
2021-09-03,153.75999450683594,154.6300048828125,153.08999633789062,154.3000030517578,150.49977111816406,57808700,AAPL,Yahoo Finance via yfinance
2021-09-07,154.97000122070312,157.25999450683594,154.38999938964844,156.69000244140625,152.83091735839844,82278300,AAPL,Yahoo Finance via yfinance
2021-09-08,156.97999572753906,157.0399932861328,153.97999572753906,155.11000061035156,151.28981018066406,74420200,AAPL,Yahoo Finance via yfinance
2021-09-09,155.49000549316406,156.11000061035156,153.9499969482422,154.07000732421875,150.2754364013672,57305700,AAPL,Yahoo Finance via yfinance
2021-09-10,155.0,155.47999572753906,148.6999969482422,148.97000122070312,145.301025390625,140893200,AAPL,Yahoo Finance via yfinance
2021-09-13,150.6300048828125,151.4199981689453,148.75,149.5500030517578,145.86676025390625,102404300,AAPL,Yahoo Finance via yfinance
2021-09-14,150.35000610351562,151.07000732421875,146.91000366210938,148.1199951171875,144.4720001220703,109296300,AAPL,Yahoo Finance via yfinance
2021-09-15,148.55999755859375,149.44000244140625,146.3699951171875,149.02999877929688,145.35952758789062,83281300,AAPL,Yahoo Finance via yfinance
2021-09-16,148.44000244140625,148.97000122070312,147.22000122070312,148.7899932861328,145.12548828125,68034100,AAPL,Yahoo Finance via yfinance
2021-09-17,148.82000732421875,148.82000732421875,145.75999450683594,146.05999755859375,142.4626922607422,129868800,AAPL,Yahoo Finance via yfinance
2021-09-20,143.8000030517578,144.83999633789062,141.27000427246094,142.94000244140625,139.41954040527344,123478900,AAPL,Yahoo Finance via yfinance
2021-09-21,143.92999267578125,144.60000610351562,142.77999877929688,143.42999267578125,139.89749145507812,75834000,AAPL,Yahoo Finance via yfinance
2021-09-22,144.4499969482422,146.42999267578125,143.6999969482422,145.85000610351562,142.25787353515625,76404300,AAPL,Yahoo Finance via yfinance
2021-09-23,146.64999389648438,147.0800018310547,145.63999938964844,146.8300018310547,143.2137451171875,64838200,AAPL,Yahoo Finance via yfinance
2021-09-24,145.66000366210938,147.47000122070312,145.55999755859375,146.9199981689453,143.301513671875,53477900,AAPL,Yahoo Finance via yfinance
2021-09-27,145.47000122070312,145.9600067138672,143.82000732421875,145.3699951171875,141.7897186279297,74150700,AAPL,Yahoo Finance via yfinance
2021-09-28,143.25,144.75,141.69000244140625,141.91000366210938,138.4149169921875,108972300,AAPL,Yahoo Finance via yfinance
2021-09-29,142.47000122070312,144.4499969482422,142.02999877929688,142.8300018310547,139.31227111816406,74602000,AAPL,Yahoo Finance via yfinance
2021-09-30,143.66000366210938,144.3800048828125,141.27999877929688,141.5,138.0150146484375,89056700,AAPL,Yahoo Finance via yfinance
2021-10-01,141.89999389648438,142.9199981689453,139.11000061035156,142.64999389648438,139.13670349121094,94639600,AAPL,Yahoo Finance via yfinance
2021-10-04,141.75999450683594,142.2100067138672,138.27000427246094,139.13999938964844,135.71310424804688,98322000,AAPL,Yahoo Finance via yfinance
2021-10-05,139.49000549316406,142.24000549316406,139.36000061035156,141.11000061035156,137.63461303710938,80861100,AAPL,Yahoo Finance via yfinance
2021-10-06,139.47000122070312,142.14999389648438,138.3699951171875,142.0,138.5027313232422,83221100,AAPL,Yahoo Finance via yfinance
2021-10-07,143.05999755859375,144.22000122070312,142.72000122070312,143.2899932861328,139.7609100341797,61732700,AAPL,Yahoo Finance via yfinance
2021-10-08,144.02999877929688,144.17999267578125,142.55999755859375,142.89999389648438,139.3805389404297,58773200,AAPL,Yahoo Finance via yfinance
2021-10-11,142.27000427246094,144.80999755859375,141.80999755859375,142.80999755859375,139.2927703857422,64452200,AAPL,Yahoo Finance via yfinance
2021-10-12,143.22999572753906,143.25,141.0399932861328,141.50999450683594,138.02476501464844,73035900,AAPL,Yahoo Finance via yfinance
2021-10-13,141.24000549316406,141.39999389648438,139.1999969482422,140.91000366210938,137.43954467773438,78762700,AAPL,Yahoo Finance via yfinance
2021-10-14,142.11000061035156,143.8800048828125,141.50999450683594,143.75999450683594,140.21932983398438,69907100,AAPL,Yahoo Finance via yfinance
2021-10-15,143.77000427246094,144.89999389648438,143.50999450683594,144.83999633789062,141.2727813720703,67940300,AAPL,Yahoo Finance via yfinance
2021-10-18,143.4499969482422,146.83999633789062,143.16000366210938,146.5500030517578,142.94065856933594,85589200,AAPL,Yahoo Finance via yfinance
2021-10-19,147.00999450683594,149.1699981689453,146.5500030517578,148.75999450683594,145.09616088867188,76378900,AAPL,Yahoo Finance via yfinance
2021-10-20,148.6999969482422,149.75,148.1199951171875,149.25999450683594,145.5839080810547,58418800,AAPL,Yahoo Finance via yfinance
2021-10-21,148.80999755859375,149.63999938964844,147.8699951171875,149.47999572753906,145.7985076904297,61421000,AAPL,Yahoo Finance via yfinance
2021-10-22,149.69000244140625,150.17999267578125,148.63999938964844,148.69000244140625,145.0279083251953,58883400,AAPL,Yahoo Finance via yfinance
2021-10-25,148.67999267578125,149.3699951171875,147.6199951171875,148.63999938964844,144.97915649414062,50720600,AAPL,Yahoo Finance via yfinance
2021-10-26,149.3300018310547,150.83999633789062,149.00999450683594,149.32000732421875,145.64242553710938,60893400,AAPL,Yahoo Finance via yfinance
2021-10-27,149.36000061035156,149.72999572753906,148.49000549316406,148.85000610351562,145.1840057373047,56094900,AAPL,Yahoo Finance via yfinance
2021-10-28,149.82000732421875,153.1699981689453,149.72000122070312,152.57000732421875,148.8123779296875,100077900,AAPL,Yahoo Finance via yfinance
2021-10-29,147.22000122070312,149.94000244140625,146.41000366210938,149.8000030517578,146.11061096191406,124953200,AAPL,Yahoo Finance via yfinance
2021-11-01,148.99000549316406,149.6999969482422,147.8000030517578,148.9600067138672,145.291259765625,74588300,AAPL,Yahoo Finance via yfinance
2021-11-02,148.66000366210938,151.57000732421875,148.64999389648438,150.02000427246094,146.32516479492188,69122000,AAPL,Yahoo Finance via yfinance
2021-11-03,150.38999938964844,151.97000122070312,149.82000732421875,151.49000549316406,147.7589874267578,54511500,AAPL,Yahoo Finance via yfinance
2021-11-04,151.5800018310547,152.42999267578125,150.63999938964844,150.9600067138672,147.24203491210938,60394600,AAPL,Yahoo Finance via yfinance
2021-11-05,151.88999938964844,152.1999969482422,150.05999755859375,151.27999877929688,147.7694854736328,65463900,AAPL,Yahoo Finance via yfinance
2021-11-08,151.41000366210938,151.57000732421875,150.16000366210938,150.44000244140625,146.94898986816406,55020900,AAPL,Yahoo Finance via yfinance
2021-11-09,150.1999969482422,151.42999267578125,150.05999755859375,150.80999755859375,147.31039428710938,56787900,AAPL,Yahoo Finance via yfinance
2021-11-10,150.02000427246094,150.1300048828125,147.85000610351562,147.9199981689453,144.48744201660156,65187100,AAPL,Yahoo Finance via yfinance
2021-11-11,148.9600067138672,149.42999267578125,147.67999267578125,147.8699951171875,144.43861389160156,41000000,AAPL,Yahoo Finance via yfinance
2021-11-12,148.42999267578125,150.39999389648438,147.47999572753906,149.99000549316406,146.50942993164062,63804000,AAPL,Yahoo Finance via yfinance
2021-11-15,150.3699951171875,151.8800048828125,149.42999267578125,150.0,146.51919555664062,59222800,AAPL,Yahoo Finance via yfinance
2021-11-16,149.94000244140625,151.49000549316406,149.33999633789062,151.0,147.4959716796875,59256200,AAPL,Yahoo Finance via yfinance
2021-11-17,151.0,155.0,150.99000549316406,153.49000549316406,149.92822265625,88807000,AAPL,Yahoo Finance via yfinance
2021-11-18,153.7100067138672,158.6699981689453,153.0500030517578,157.8699951171875,154.20654296875,137827700,AAPL,Yahoo Finance via yfinance
2021-11-19,157.64999389648438,161.02000427246094,156.52999877929688,160.5500030517578,156.82437133789062,117305600,AAPL,Yahoo Finance via yfinance
2021-11-22,161.67999267578125,165.6999969482422,161.0,161.02000427246094,157.28347778320312,117467900,AAPL,Yahoo Finance via yfinance
2021-11-23,161.1199951171875,161.8000030517578,159.05999755859375,161.41000366210938,157.6643829345703,96041900,AAPL,Yahoo Finance via yfinance
2021-11-24,160.75,162.13999938964844,159.63999938964844,161.94000244140625,158.18214416503906,69463600,AAPL,Yahoo Finance via yfinance
2021-11-26,159.57000732421875,160.4499969482422,156.36000061035156,156.80999755859375,153.17115783691406,76959800,AAPL,Yahoo Finance via yfinance
2021-11-29,159.3699951171875,161.19000244140625,158.7899932861328,160.24000549316406,156.52159118652344,88748200,AAPL,Yahoo Finance via yfinance
2021-11-30,159.99000549316406,165.52000427246094,159.9199981689453,165.3000030517578,161.46417236328125,174048100,AAPL,Yahoo Finance via yfinance
2021-12-01,167.47999572753906,170.3000030517578,164.52999877929688,164.77000427246094,160.94642639160156,152052500,AAPL,Yahoo Finance via yfinance
2021-12-02,158.74000549316406,164.1999969482422,157.8000030517578,163.75999450683594,159.9598846435547,136739200,AAPL,Yahoo Finance via yfinance
2021-12-03,164.02000427246094,164.9600067138672,159.72000122070312,161.83999633789062,158.08447265625,118023100,AAPL,Yahoo Finance via yfinance
2021-12-06,164.2899932861328,167.8800048828125,164.27999877929688,165.32000732421875,161.4836883544922,107497000,AAPL,Yahoo Finance via yfinance
2021-12-07,169.0800018310547,171.5800018310547,168.33999633789062,171.17999267578125,167.20774841308594,120405400,AAPL,Yahoo Finance via yfinance
2021-12-08,172.1300048828125,175.9600067138672,170.6999969482422,175.0800018310547,171.01722717285156,116998900,AAPL,Yahoo Finance via yfinance
2021-12-09,174.91000366210938,176.75,173.9199981689453,174.55999755859375,170.50929260253906,108923700,AAPL,Yahoo Finance via yfinance
2021-12-10,175.2100067138672,179.6300048828125,174.69000244140625,179.4499969482422,175.28578186035156,115402700,AAPL,Yahoo Finance via yfinance
2021-12-13,181.1199951171875,182.1300048828125,175.52999877929688,175.74000549316406,171.66189575195312,153237000,AAPL,Yahoo Finance via yfinance
2021-12-14,175.25,177.74000549316406,172.2100067138672,174.3300018310547,170.2845916748047,139380400,AAPL,Yahoo Finance via yfinance
2021-12-15,175.11000061035156,179.5,172.30999755859375,179.3000030517578,175.13926696777344,131063300,AAPL,Yahoo Finance via yfinance
2021-12-16,179.27999877929688,181.13999938964844,170.75,172.25999450683594,168.2626190185547,150185800,AAPL,Yahoo Finance via yfinance
2021-12-17,169.92999267578125,173.47000122070312,169.69000244140625,171.13999938964844,167.16864013671875,195432700,AAPL,Yahoo Finance via yfinance
2021-12-20,168.27999877929688,170.5800018310547,167.4600067138672,169.75,165.8108673095703,107499100,AAPL,Yahoo Finance via yfinance
2021-12-21,171.55999755859375,173.1999969482422,169.1199951171875,172.99000549316406,168.9757080078125,91185900,AAPL,Yahoo Finance via yfinance
2021-12-22,173.0399932861328,175.86000061035156,172.14999389648438,175.63999938964844,171.56422424316406,92135300,AAPL,Yahoo Finance via yfinance
2021-12-23,175.85000610351562,176.85000610351562,175.27000427246094,176.27999877929688,172.1893310546875,68356600,AAPL,Yahoo Finance via yfinance
2021-12-27,177.08999633789062,180.4199981689453,177.07000732421875,180.3300018310547,176.14535522460938,74919600,AAPL,Yahoo Finance via yfinance
2021-12-28,180.16000366210938,181.3300018310547,178.52999877929688,179.2899932861328,175.12953186035156,79144300,AAPL,Yahoo Finance via yfinance
2021-12-29,179.3300018310547,180.6300048828125,178.13999938964844,179.3800048828125,175.21739196777344,62348900,AAPL,Yahoo Finance via yfinance
2021-12-30,179.47000122070312,180.57000732421875,178.08999633789062,178.1999969482422,174.0648193359375,59773000,AAPL,Yahoo Finance via yfinance
2021-12-31,178.08999633789062,179.22999572753906,177.25999450683594,177.57000732421875,173.4494171142578,64062300,AAPL,Yahoo Finance via yfinance
2022-01-03,177.8300018310547,182.8800048828125,177.7100067138672,182.00999450683594,177.786376953125,104487900,AAPL,Yahoo Finance via yfinance
2022-01-04,182.6300048828125,182.94000244140625,179.1199951171875,179.6999969482422,175.5299835205078,99310400,AAPL,Yahoo Finance via yfinance
2022-01-05,179.61000061035156,180.1699981689453,174.63999938964844,174.9199981689453,170.8609161376953,94537600,AAPL,Yahoo Finance via yfinance
2022-01-06,172.6999969482422,175.3000030517578,171.63999938964844,172.0,168.00869750976562,96904000,AAPL,Yahoo Finance via yfinance
2022-01-07,172.88999938964844,174.13999938964844,171.02999877929688,172.1699981689453,168.1747589111328,86709100,AAPL,Yahoo Finance via yfinance
2022-01-10,169.0800018310547,172.5,168.1699981689453,172.19000244140625,168.19430541992188,106765600,AAPL,Yahoo Finance via yfinance
2022-01-11,172.32000732421875,175.17999267578125,170.82000732421875,175.0800018310547,171.01722717285156,76138300,AAPL,Yahoo Finance via yfinance
2022-01-12,176.1199951171875,177.17999267578125,174.82000732421875,175.52999877929688,171.45675659179688,74805200,AAPL,Yahoo Finance via yfinance
2022-01-13,175.77999877929688,176.6199951171875,171.7899932861328,172.19000244140625,168.19430541992188,84505800,AAPL,Yahoo Finance via yfinance
2022-01-14,171.33999633789062,173.77999877929688,171.08999633789062,173.07000732421875,169.05386352539062,80440800,AAPL,Yahoo Finance via yfinance
2022-01-18,171.50999450683594,172.5399932861328,169.41000366210938,169.8000030517578,165.85975646972656,90956700,AAPL,Yahoo Finance via yfinance
2022-01-19,170.0,171.0800018310547,165.94000244140625,166.22999572753906,162.37257385253906,94815000,AAPL,Yahoo Finance via yfinance
2022-01-20,166.97999572753906,169.67999267578125,164.17999267578125,164.50999450683594,160.69248962402344,91420500,AAPL,Yahoo Finance via yfinance
2022-01-21,164.4199981689453,166.3300018310547,162.3000030517578,162.41000366210938,158.64122009277344,122848900,AAPL,Yahoo Finance via yfinance
2022-01-24,160.02000427246094,162.3000030517578,154.6999969482422,161.6199951171875,157.86953735351562,162294600,AAPL,Yahoo Finance via yfinance
2022-01-25,158.97999572753906,162.75999450683594,157.02000427246094,159.77999877929688,156.07225036621094,115798400,AAPL,Yahoo Finance via yfinance
2022-01-26,163.5,164.38999938964844,157.82000732421875,159.69000244140625,155.98434448242188,108275300,AAPL,Yahoo Finance via yfinance
2022-01-27,162.4499969482422,163.83999633789062,158.27999877929688,159.22000122070312,155.52525329589844,121954600,AAPL,Yahoo Finance via yfinance
2022-01-28,165.7100067138672,170.35000610351562,162.8000030517578,170.3300018310547,166.37745666503906,179935700,AAPL,Yahoo Finance via yfinance
2022-01-31,170.16000366210938,175.0,169.50999450683594,174.77999877929688,170.7241668701172,115541600,AAPL,Yahoo Finance via yfinance
2022-02-01,174.00999450683594,174.83999633789062,172.30999755859375,174.61000061035156,170.55809020996094,86213900,AAPL,Yahoo Finance via yfinance
2022-02-02,174.75,175.8800048828125,173.3300018310547,175.83999633789062,171.7595672607422,84914300,AAPL,Yahoo Finance via yfinance
2022-02-03,174.47999572753906,176.24000549316406,172.1199951171875,172.89999389648438,168.88780212402344,89418100,AAPL,Yahoo Finance via yfinance
2022-02-04,171.67999267578125,174.10000610351562,170.67999267578125,172.38999938964844,168.60414123535156,82465400,AAPL,Yahoo Finance via yfinance
2022-02-07,172.86000061035156,173.9499969482422,170.9499969482422,171.66000366210938,167.89019775390625,77251200,AAPL,Yahoo Finance via yfinance
2022-02-08,171.72999572753906,175.35000610351562,171.42999267578125,174.8300018310547,170.9906005859375,74829200,AAPL,Yahoo Finance via yfinance
2022-02-09,176.0500030517578,176.64999389648438,174.89999389648438,176.27999877929688,172.40872192382812,71285000,AAPL,Yahoo Finance via yfinance
2022-02-10,174.13999938964844,175.47999572753906,171.5500030517578,172.1199951171875,168.34010314941406,90865900,AAPL,Yahoo Finance via yfinance
2022-02-11,172.3300018310547,173.0800018310547,168.0399932861328,168.63999938964844,164.93653869628906,98670700,AAPL,Yahoo Finance via yfinance
2022-02-14,167.3699951171875,169.5800018310547,166.55999755859375,168.8800048828125,165.17124938964844,86185500,AAPL,Yahoo Finance via yfinance
2022-02-15,170.97000122070312,172.9499969482422,170.25,172.7899932861328,168.99539184570312,62527400,AAPL,Yahoo Finance via yfinance
2022-02-16,171.85000610351562,173.33999633789062,170.0500030517578,172.5500030517578,168.7606658935547,61177400,AAPL,Yahoo Finance via yfinance
2022-02-17,171.02999877929688,171.91000366210938,168.47000122070312,168.8800048828125,165.17124938964844,69589300,AAPL,Yahoo Finance via yfinance
2022-02-18,169.82000732421875,170.5399932861328,166.19000244140625,167.3000030517578,163.6259307861328,82772700,AAPL,Yahoo Finance via yfinance
2022-02-22,164.97999572753906,166.69000244140625,162.14999389648438,164.32000732421875,160.71139526367188,91162800,AAPL,Yahoo Finance via yfinance
2022-02-23,165.5399932861328,166.14999389648438,159.75,160.07000732421875,156.55471801757812,90009200,AAPL,Yahoo Finance via yfinance
2022-02-24,152.5800018310547,162.85000610351562,152.0,162.74000549316406,159.16610717773438,141147500,AAPL,Yahoo Finance via yfinance
2022-02-25,163.83999633789062,165.1199951171875,160.8699951171875,164.85000610351562,161.22975158691406,91974200,AAPL,Yahoo Finance via yfinance
2022-02-28,163.05999755859375,165.4199981689453,162.42999267578125,165.1199951171875,161.4938201904297,95056600,AAPL,Yahoo Finance via yfinance
2022-03-01,164.6999969482422,166.60000610351562,161.97000122070312,163.1999969482422,159.615966796875,83474400,AAPL,Yahoo Finance via yfinance
2022-03-02,164.38999938964844,167.36000061035156,162.9499969482422,166.55999755859375,162.90220642089844,79724800,AAPL,Yahoo Finance via yfinance
2022-03-03,168.47000122070312,168.91000366210938,165.5500030517578,166.22999572753906,162.57945251464844,76678400,AAPL,Yahoo Finance via yfinance
2022-03-04,164.49000549316406,165.5500030517578,162.10000610351562,163.1699981689453,159.58663940429688,83737200,AAPL,Yahoo Finance via yfinance
2022-03-07,163.36000061035156,165.02000427246094,159.0399932861328,159.3000030517578,155.80165100097656,96418800,AAPL,Yahoo Finance via yfinance
2022-03-08,158.82000732421875,162.8800048828125,155.8000030517578,157.44000244140625,153.9824981689453,131148300,AAPL,Yahoo Finance via yfinance
2022-03-09,161.47999572753906,163.41000366210938,159.41000366210938,162.9499969482422,159.37149047851562,91454900,AAPL,Yahoo Finance via yfinance
2022-03-10,160.1999969482422,160.38999938964844,155.97999572753906,158.52000427246094,155.0387725830078,105342000,AAPL,Yahoo Finance via yfinance
2022-03-11,158.92999267578125,159.27999877929688,154.5,154.72999572753906,151.3319854736328,96970100,AAPL,Yahoo Finance via yfinance
2022-03-14,151.4499969482422,154.1199951171875,150.10000610351562,150.6199951171875,147.31222534179688,108732100,AAPL,Yahoo Finance via yfinance
2022-03-15,150.89999389648438,155.57000732421875,150.3800048828125,155.08999633789062,151.68409729003906,92964300,AAPL,Yahoo Finance via yfinance
2022-03-16,157.0500030517578,160.0,154.4600067138672,159.58999633789062,156.08526611328125,102300200,AAPL,Yahoo Finance via yfinance
2022-03-17,158.61000061035156,161.0,157.6300048828125,160.6199951171875,157.09263610839844,75615400,AAPL,Yahoo Finance via yfinance
2022-03-18,160.50999450683594,164.47999572753906,159.75999450683594,163.97999572753906,160.3788299560547,123511700,AAPL,Yahoo Finance via yfinance
2022-03-21,163.50999450683594,166.35000610351562,163.00999450683594,165.3800048828125,161.74810791015625,95811400,AAPL,Yahoo Finance via yfinance
2022-03-22,165.50999450683594,169.4199981689453,164.91000366210938,168.82000732421875,165.1125946044922,81532000,AAPL,Yahoo Finance via yfinance
2022-03-23,167.99000549316406,172.63999938964844,167.64999389648438,170.2100067138672,166.47206115722656,98062700,AAPL,Yahoo Finance via yfinance
2022-03-24,171.05999755859375,174.13999938964844,170.2100067138672,174.07000732421875,170.2472686767578,90131400,AAPL,Yahoo Finance via yfinance
2022-03-25,173.8800048828125,175.27999877929688,172.75,174.72000122070312,170.8830108642578,80546200,AAPL,Yahoo Finance via yfinance
2022-03-28,172.1699981689453,175.72999572753906,172.0,175.60000610351562,171.7436981201172,90371900,AAPL,Yahoo Finance via yfinance
2022-03-29,176.69000244140625,179.00999450683594,176.33999633789062,178.9600067138672,175.02992248535156,100589400,AAPL,Yahoo Finance via yfinance
2022-03-30,178.5500030517578,179.61000061035156,176.6999969482422,177.77000427246094,173.86602783203125,92633200,AAPL,Yahoo Finance via yfinance
2022-03-31,177.83999633789062,178.02999877929688,174.39999389648438,174.61000061035156,170.77540588378906,103049300,AAPL,Yahoo Finance via yfinance
2022-04-01,174.02999877929688,174.8800048828125,171.94000244140625,174.30999755859375,170.4819793701172,78751300,AAPL,Yahoo Finance via yfinance
2022-04-04,174.57000732421875,178.49000549316406,174.44000244140625,178.44000244140625,174.52133178710938,76468400,AAPL,Yahoo Finance via yfinance
2022-04-05,177.5,178.3000030517578,174.4199981689453,175.05999755859375,171.21556091308594,73401800,AAPL,Yahoo Finance via yfinance
2022-04-06,172.36000061035156,173.6300048828125,170.1300048828125,171.8300018310547,168.0564727783203,89058800,AAPL,Yahoo Finance via yfinance
2022-04-07,171.16000366210938,173.36000061035156,169.85000610351562,172.13999938964844,168.3596649169922,77594700,AAPL,Yahoo Finance via yfinance
2022-04-08,171.77999877929688,171.77999877929688,169.1999969482422,170.08999633789062,166.3546905517578,76575500,AAPL,Yahoo Finance via yfinance
2022-04-11,168.7100067138672,169.02999877929688,165.5,165.75,162.1099853515625,72246700,AAPL,Yahoo Finance via yfinance
2022-04-12,168.02000427246094,169.8699951171875,166.63999938964844,167.66000366210938,163.97802734375,79265200,AAPL,Yahoo Finance via yfinance
2022-04-13,167.38999938964844,171.0399932861328,166.77000427246094,170.39999389648438,166.65786743164062,70618900,AAPL,Yahoo Finance via yfinance
2022-04-14,170.6199951171875,171.27000427246094,165.0399932861328,165.2899932861328,161.66009521484375,75329400,AAPL,Yahoo Finance via yfinance
2022-04-18,163.9199981689453,166.60000610351562,163.57000732421875,165.07000732421875,161.44491577148438,69023900,AAPL,Yahoo Finance via yfinance
2022-04-19,165.02000427246094,167.82000732421875,163.91000366210938,167.39999389648438,163.72377014160156,67723800,AAPL,Yahoo Finance via yfinance
2022-04-20,168.75999450683594,168.8800048828125,166.10000610351562,167.22999572753906,163.55747985839844,67929800,AAPL,Yahoo Finance via yfinance
2022-04-21,168.91000366210938,171.52999877929688,165.91000366210938,166.4199981689453,162.7652587890625,87227800,AAPL,Yahoo Finance via yfinance
2022-04-22,166.4600067138672,167.8699951171875,161.5,161.7899932861328,158.23695373535156,84882400,AAPL,Yahoo Finance via yfinance
2022-04-25,161.1199951171875,163.1699981689453,158.4600067138672,162.8800048828125,159.30299377441406,96046400,AAPL,Yahoo Finance via yfinance
2022-04-26,162.25,162.33999633789062,156.72000122070312,156.8000030517578,153.35653686523438,95623200,AAPL,Yahoo Finance via yfinance
2022-04-27,155.91000366210938,159.7899932861328,155.3800048828125,156.57000732421875,153.131591796875,88063200,AAPL,Yahoo Finance via yfinance
2022-04-28,159.25,164.52000427246094,158.92999267578125,163.63999938964844,160.0463409423828,130216800,AAPL,Yahoo Finance via yfinance
2022-04-29,161.83999633789062,166.1999969482422,157.25,157.64999389648438,154.18785095214844,131747600,AAPL,Yahoo Finance via yfinance
2022-05-02,156.7100067138672,158.22999572753906,153.27000427246094,157.9600067138672,154.49107360839844,123055300,AAPL,Yahoo Finance via yfinance
2022-05-03,158.14999389648438,160.7100067138672,156.32000732421875,159.47999572753906,155.97764587402344,88966500,AAPL,Yahoo Finance via yfinance
2022-05-04,159.6699981689453,166.47999572753906,159.25999450683594,166.02000427246094,162.37405395507812,108256500,AAPL,Yahoo Finance via yfinance
2022-05-05,163.85000610351562,164.0800018310547,154.9499969482422,156.77000427246094,153.3272247314453,130525300,AAPL,Yahoo Finance via yfinance
2022-05-06,156.00999450683594,159.44000244140625,154.17999267578125,157.27999877929688,154.05201721191406,116124600,AAPL,Yahoo Finance via yfinance
2022-05-09,154.92999267578125,155.8300018310547,151.49000549316406,152.05999755859375,148.9391326904297,131577900,AAPL,Yahoo Finance via yfinance
2022-05-10,155.52000427246094,156.74000549316406,152.92999267578125,154.50999450683594,151.3388671875,115366700,AAPL,Yahoo Finance via yfinance
2022-05-11,153.5,155.4499969482422,145.80999755859375,146.5,143.49322509765625,142689800,AAPL,Yahoo Finance via yfinance
2022-05-12,142.77000427246094,146.1999969482422,138.8000030517578,142.55999755859375,139.63409423828125,182602000,AAPL,Yahoo Finance via yfinance
2022-05-13,144.58999633789062,148.10000610351562,143.11000061035156,147.11000061035156,144.0907440185547,113990900,AAPL,Yahoo Finance via yfinance
2022-05-16,145.5500030517578,147.52000427246094,144.17999267578125,145.5399932861328,142.5529327392578,86643800,AAPL,Yahoo Finance via yfinance
2022-05-17,148.86000061035156,149.77000427246094,146.67999267578125,149.24000549316406,146.17703247070312,78336300,AAPL,Yahoo Finance via yfinance
2022-05-18,146.85000610351562,147.36000061035156,139.89999389648438,140.82000732421875,137.9298858642578,109742900,AAPL,Yahoo Finance via yfinance
2022-05-19,139.8800048828125,141.66000366210938,136.60000610351562,137.35000610351562,134.53106689453125,136095600,AAPL,Yahoo Finance via yfinance
2022-05-20,139.08999633789062,140.6999969482422,132.61000061035156,137.58999633789062,134.76612854003906,137426100,AAPL,Yahoo Finance via yfinance
2022-05-23,137.7899932861328,143.25999450683594,137.64999389648438,143.11000061035156,140.17283630371094,117726300,AAPL,Yahoo Finance via yfinance
2022-05-24,140.80999755859375,141.97000122070312,137.3300018310547,140.36000061035156,137.4792938232422,104132700,AAPL,Yahoo Finance via yfinance
2022-05-25,138.42999267578125,141.7899932861328,138.33999633789062,140.52000427246094,137.63601684570312,92482700,AAPL,Yahoo Finance via yfinance
2022-05-26,137.38999938964844,144.33999633789062,137.13999938964844,143.77999877929688,140.82908630371094,90601500,AAPL,Yahoo Finance via yfinance
2022-05-27,145.38999938964844,149.67999267578125,145.25999450683594,149.63999938964844,146.56881713867188,90978500,AAPL,Yahoo Finance via yfinance
2022-05-31,149.07000732421875,150.66000366210938,146.83999633789062,148.83999633789062,145.78521728515625,103718400,AAPL,Yahoo Finance via yfinance
2022-06-01,149.89999389648438,151.74000549316406,147.67999267578125,148.7100067138672,145.65789794921875,74286600,AAPL,Yahoo Finance via yfinance
2022-06-02,147.8300018310547,151.27000427246094,146.86000061035156,151.2100067138672,148.10658264160156,72348100,AAPL,Yahoo Finance via yfinance
2022-06-03,146.89999389648438,147.97000122070312,144.4600067138672,145.3800048828125,142.39622497558594,88570300,AAPL,Yahoo Finance via yfinance
2022-06-06,147.02999877929688,148.57000732421875,144.89999389648438,146.13999938964844,143.1406707763672,71598400,AAPL,Yahoo Finance via yfinance
2022-06-07,144.35000610351562,149.0,144.10000610351562,148.7100067138672,145.65789794921875,67808200,AAPL,Yahoo Finance via yfinance
2022-06-08,148.5800018310547,149.8699951171875,147.4600067138672,147.9600067138672,144.92327880859375,53950200,AAPL,Yahoo Finance via yfinance
2022-06-09,147.0800018310547,147.9499969482422,142.52999877929688,142.63999938964844,139.71246337890625,69473000,AAPL,Yahoo Finance via yfinance
2022-06-10,140.27999877929688,140.75999450683594,137.05999755859375,137.1300048828125,134.3155517578125,91437900,AAPL,Yahoo Finance via yfinance
2022-06-13,132.8699951171875,135.1999969482422,131.44000244140625,131.8800048828125,129.17332458496094,122207100,AAPL,Yahoo Finance via yfinance
2022-06-14,133.1300048828125,133.88999938964844,131.47999572753906,132.75999450683594,130.0352325439453,84784300,AAPL,Yahoo Finance via yfinance
2022-06-15,134.2899932861328,137.33999633789062,132.16000366210938,135.42999267578125,132.6504669189453,91533000,AAPL,Yahoo Finance via yfinance
2022-06-16,132.0800018310547,132.38999938964844,129.0399932861328,130.05999755859375,127.39065551757812,108123900,AAPL,Yahoo Finance via yfinance
2022-06-17,130.07000732421875,133.0800018310547,129.80999755859375,131.55999755859375,128.85986328125,134520300,AAPL,Yahoo Finance via yfinance
2022-06-21,133.4199981689453,137.05999755859375,133.32000732421875,135.8699951171875,133.08140563964844,81000500,AAPL,Yahoo Finance via yfinance
2022-06-22,134.7899932861328,137.75999450683594,133.91000366210938,135.35000610351562,132.57211303710938,73409200,AAPL,Yahoo Finance via yfinance
2022-06-23,136.82000732421875,138.58999633789062,135.6300048828125,138.27000427246094,135.43215942382812,72433800,AAPL,Yahoo Finance via yfinance
2022-06-24,139.89999389648438,141.91000366210938,139.77000427246094,141.66000366210938,138.75257873535156,89116800,AAPL,Yahoo Finance via yfinance
2022-06-27,142.6999969482422,143.49000549316406,140.97000122070312,141.66000366210938,138.75257873535156,70207900,AAPL,Yahoo Finance via yfinance
2022-06-28,142.1300048828125,143.4199981689453,137.32000732421875,137.44000244140625,134.61920166015625,67083400,AAPL,Yahoo Finance via yfinance
2022-06-29,137.4600067138672,140.6699981689453,136.6699981689453,139.22999572753906,136.3724822998047,66242400,AAPL,Yahoo Finance via yfinance
2022-06-30,137.25,138.3699951171875,133.77000427246094,136.72000122070312,133.9140167236328,98964500,AAPL,Yahoo Finance via yfinance
2022-07-01,136.0399932861328,139.0399932861328,135.66000366210938,138.92999267578125,136.07859802246094,71051600,AAPL,Yahoo Finance via yfinance
2022-07-05,137.77000427246094,141.61000061035156,136.92999267578125,141.55999755859375,138.65463256835938,73353800,AAPL,Yahoo Finance via yfinance
2022-07-06,141.35000610351562,144.1199951171875,141.0800018310547,142.9199981689453,139.98672485351562,74064300,AAPL,Yahoo Finance via yfinance
2022-07-07,143.2899932861328,146.5500030517578,143.27999877929688,146.35000610351562,143.3463592529297,66253700,AAPL,Yahoo Finance via yfinance
2022-07-08,145.25999450683594,147.5500030517578,145.0,147.0399932861328,144.02223205566406,64547800,AAPL,Yahoo Finance via yfinance
2022-07-11,145.6699981689453,146.63999938964844,143.77999877929688,144.8699951171875,141.896728515625,63141600,AAPL,Yahoo Finance via yfinance
2022-07-12,145.75999450683594,148.4499969482422,145.0500030517578,145.86000061035156,142.8663787841797,77588800,AAPL,Yahoo Finance via yfinance
2022-07-13,142.99000549316406,146.4499969482422,142.1199951171875,145.49000549316406,142.50399780273438,71185600,AAPL,Yahoo Finance via yfinance
2022-07-14,144.0800018310547,148.9499969482422,143.25,148.47000122070312,145.4228057861328,78140700,AAPL,Yahoo Finance via yfinance
2022-07-15,149.77999877929688,150.86000061035156,148.1999969482422,150.1699981689453,147.0879364013672,76259900,AAPL,Yahoo Finance via yfinance
2022-07-18,150.74000549316406,151.57000732421875,146.6999969482422,147.07000732421875,144.0515594482422,81420900,AAPL,Yahoo Finance via yfinance
2022-07-19,147.9199981689453,151.22999572753906,146.91000366210938,151.0,147.90087890625,82982400,AAPL,Yahoo Finance via yfinance
2022-07-20,151.1199951171875,153.72000122070312,150.3699951171875,153.0399932861328,149.89901733398438,64823400,AAPL,Yahoo Finance via yfinance
2022-07-21,154.5,155.57000732421875,151.94000244140625,155.35000610351562,152.16163635253906,65086600,AAPL,Yahoo Finance via yfinance
2022-07-22,155.38999938964844,156.27999877929688,153.41000366210938,154.08999633789062,150.927490234375,66675400,AAPL,Yahoo Finance via yfinance
2022-07-25,154.00999450683594,155.0399932861328,152.27999877929688,152.9499969482422,149.8108673095703,53623900,AAPL,Yahoo Finance via yfinance
2022-07-26,152.25999450683594,153.08999633789062,150.8000030517578,151.60000610351562,148.48855590820312,55138700,AAPL,Yahoo Finance via yfinance
2022-07-27,152.5800018310547,157.3300018310547,152.16000366210938,156.7899932861328,153.57203674316406,78620700,AAPL,Yahoo Finance via yfinance
2022-07-28,156.97999572753906,157.63999938964844,154.41000366210938,157.35000610351562,154.12057495117188,81378700,AAPL,Yahoo Finance via yfinance
2022-07-29,161.24000549316406,163.6300048828125,159.5,162.50999450683594,159.1746826171875,101786900,AAPL,Yahoo Finance via yfinance
2022-08-01,161.00999450683594,163.58999633789062,160.88999938964844,161.50999450683594,158.19515991210938,67829400,AAPL,Yahoo Finance via yfinance
2022-08-02,160.10000610351562,162.41000366210938,159.6300048828125,160.00999450683594,156.7259979248047,59907000,AAPL,Yahoo Finance via yfinance
2022-08-03,160.83999633789062,166.58999633789062,160.75,166.1300048828125,162.7203826904297,82507500,AAPL,Yahoo Finance via yfinance
2022-08-04,166.00999450683594,167.19000244140625,164.42999267578125,165.80999755859375,162.4069366455078,55474100,AAPL,Yahoo Finance via yfinance
2022-08-05,163.2100067138672,165.85000610351562,163.0,165.35000610351562,162.1813507080078,56697000,AAPL,Yahoo Finance via yfinance
2022-08-08,166.3699951171875,167.80999755859375,164.1999969482422,164.8699951171875,161.71055603027344,60276900,AAPL,Yahoo Finance via yfinance
2022-08-09,164.02000427246094,165.82000732421875,163.25,164.9199981689453,161.75958251953125,63135500,AAPL,Yahoo Finance via yfinance
2022-08-10,167.67999267578125,169.33999633789062,166.89999389648438,169.24000549316406,165.996826171875,70170500,AAPL,Yahoo Finance via yfinance
2022-08-11,170.05999755859375,170.99000549316406,168.19000244140625,168.49000549316406,165.2611541748047,57149200,AAPL,Yahoo Finance via yfinance
2022-08-12,169.82000732421875,172.1699981689453,169.39999389648438,172.10000610351562,168.802001953125,68039400,AAPL,Yahoo Finance via yfinance
2022-08-15,171.52000427246094,173.38999938964844,171.35000610351562,173.19000244140625,169.87107849121094,54091700,AAPL,Yahoo Finance via yfinance
2022-08-16,172.77999877929688,173.7100067138672,171.66000366210938,173.02999877929688,169.71420288085938,56377100,AAPL,Yahoo Finance via yfinance
2022-08-17,172.77000427246094,176.14999389648438,172.57000732421875,174.5500030517578,171.20506286621094,79542000,AAPL,Yahoo Finance via yfinance
2022-08-18,173.75,174.89999389648438,173.1199951171875,174.14999389648438,170.8126983642578,62290100,AAPL,Yahoo Finance via yfinance
2022-08-19,173.02999877929688,173.74000549316406,171.30999755859375,171.52000427246094,168.2331085205078,70346300,AAPL,Yahoo Finance via yfinance
2022-08-22,169.69000244140625,169.86000061035156,167.13999938964844,167.57000732421875,164.35882568359375,69026800,AAPL,Yahoo Finance via yfinance
2022-08-23,167.0800018310547,168.7100067138672,166.64999389648438,167.22999572753906,164.02532958984375,54147100,AAPL,Yahoo Finance via yfinance
2022-08-24,167.32000732421875,168.11000061035156,166.25,167.52999877929688,164.3195343017578,53841500,AAPL,Yahoo Finance via yfinance
2022-08-25,168.77999877929688,170.13999938964844,168.35000610351562,170.02999877929688,166.77163696289062,51218200,AAPL,Yahoo Finance via yfinance
2022-08-26,170.57000732421875,171.0500030517578,163.55999755859375,163.6199951171875,160.48448181152344,78961000,AAPL,Yahoo Finance via yfinance
2022-08-29,161.14999389648438,162.89999389648438,159.82000732421875,161.3800048828125,158.28741455078125,73314000,AAPL,Yahoo Finance via yfinance
2022-08-30,162.1300048828125,162.55999755859375,157.72000122070312,158.91000366210938,155.86474609375,77906200,AAPL,Yahoo Finance via yfinance
2022-08-31,160.30999755859375,160.5800018310547,157.13999938964844,157.22000122070312,154.20712280273438,87991100,AAPL,Yahoo Finance via yfinance
2022-09-01,156.63999938964844,158.4199981689453,154.6699981689453,157.9600067138672,154.93295288085938,74229900,AAPL,Yahoo Finance via yfinance
2022-09-02,159.75,160.36000061035156,154.97000122070312,155.80999755859375,152.8241729736328,76957800,AAPL,Yahoo Finance via yfinance
2022-09-06,156.47000122070312,157.08999633789062,153.69000244140625,154.52999877929688,151.56866455078125,73714800,AAPL,Yahoo Finance via yfinance
2022-09-07,154.82000732421875,156.6699981689453,153.61000061035156,155.9600067138672,152.97129821777344,87449600,AAPL,Yahoo Finance via yfinance
2022-09-08,154.63999938964844,156.36000061035156,152.67999267578125,154.4600067138672,151.50001525878906,84923800,AAPL,Yahoo Finance via yfinance
2022-09-09,155.47000122070312,157.82000732421875,154.75,157.3699951171875,154.35426330566406,68028800,AAPL,Yahoo Finance via yfinance
2022-09-12,159.58999633789062,164.25999450683594,159.3000030517578,163.42999267578125,160.29812622070312,104956000,AAPL,Yahoo Finance via yfinance
2022-09-13,159.89999389648438,160.5399932861328,153.3699951171875,153.83999633789062,150.8918914794922,122656600,AAPL,Yahoo Finance via yfinance
2022-09-14,154.7899932861328,157.10000610351562,153.61000061035156,155.30999755859375,152.33372497558594,87965400,AAPL,Yahoo Finance via yfinance
2022-09-15,154.64999389648438,155.24000549316406,151.3800048828125,152.3699951171875,149.4501190185547,90481100,AAPL,Yahoo Finance via yfinance
2022-09-16,151.2100067138672,151.35000610351562,148.3699951171875,150.6999969482422,147.8120880126953,162278800,AAPL,Yahoo Finance via yfinance
2022-09-19,149.30999755859375,154.55999755859375,149.10000610351562,154.47999572753906,151.51966857910156,81474200,AAPL,Yahoo Finance via yfinance
2022-09-20,153.39999389648438,158.0800018310547,153.0800018310547,156.89999389648438,153.8932647705078,107689800,AAPL,Yahoo Finance via yfinance
2022-09-21,157.33999633789062,158.74000549316406,153.60000610351562,153.72000122070312,150.77423095703125,101696800,AAPL,Yahoo Finance via yfinance
2022-09-22,152.3800048828125,154.47000122070312,150.91000366210938,152.74000549316406,149.81300354003906,86652500,AAPL,Yahoo Finance via yfinance
2022-09-23,151.19000244140625,151.47000122070312,148.55999755859375,150.42999267578125,147.54725646972656,96029900,AAPL,Yahoo Finance via yfinance
2022-09-26,149.66000366210938,153.77000427246094,149.63999938964844,150.77000427246094,147.8807830810547,93339400,AAPL,Yahoo Finance via yfinance
2022-09-27,152.74000549316406,154.72000122070312,149.9499969482422,151.75999450683594,148.85177612304688,84442700,AAPL,Yahoo Finance via yfinance
2022-09-28,147.63999938964844,150.63999938964844,144.83999633789062,149.83999633789062,146.96856689453125,146691400,AAPL,Yahoo Finance via yfinance
2022-09-29,146.10000610351562,146.72000122070312,140.67999267578125,142.47999572753906,139.74960327148438,128138200,AAPL,Yahoo Finance via yfinance
2022-09-30,141.27999877929688,143.10000610351562,138.0,138.1999969482422,135.55162048339844,124925300,AAPL,Yahoo Finance via yfinance
2022-10-03,138.2100067138672,143.07000732421875,137.69000244140625,142.4499969482422,139.72019958496094,114311700,AAPL,Yahoo Finance via yfinance
2022-10-04,145.02999877929688,146.22000122070312,144.25999450683594,146.10000610351562,143.30026245117188,87830100,AAPL,Yahoo Finance via yfinance
2022-10-05,144.07000732421875,147.3800048828125,143.00999450683594,146.39999389648438,143.59449768066406,79471000,AAPL,Yahoo Finance via yfinance
2022-10-06,145.80999755859375,147.5399932861328,145.22000122070312,145.42999267578125,142.64308166503906,68402200,AAPL,Yahoo Finance via yfinance
2022-10-07,142.5399932861328,143.10000610351562,139.4499969482422,140.08999633789062,137.40542602539062,85925600,AAPL,Yahoo Finance via yfinance
2022-10-10,140.4199981689453,141.88999938964844,138.57000732421875,140.4199981689453,137.7291259765625,74899000,AAPL,Yahoo Finance via yfinance
2022-10-11,139.89999389648438,141.35000610351562,138.22000122070312,138.97999572753906,136.31666564941406,77033700,AAPL,Yahoo Finance via yfinance
2022-10-12,139.1300048828125,140.36000061035156,138.16000366210938,138.33999633789062,135.68894958496094,70433700,AAPL,Yahoo Finance via yfinance
2022-10-13,134.99000549316406,143.58999633789062,134.3699951171875,142.99000549316406,140.24986267089844,113224000,AAPL,Yahoo Finance via yfinance
2022-10-14,144.30999755859375,144.52000427246094,138.19000244140625,138.3800048828125,135.72817993164062,88598000,AAPL,Yahoo Finance via yfinance
2022-10-17,141.07000732421875,142.89999389648438,140.27000427246094,142.41000366210938,139.6809539794922,85250900,AAPL,Yahoo Finance via yfinance
2022-10-18,145.49000549316406,146.6999969482422,140.61000061035156,143.75,140.9952850341797,99136600,AAPL,Yahoo Finance via yfinance
2022-10-19,141.69000244140625,144.9499969482422,141.5,143.86000061035156,141.1031951904297,61758300,AAPL,Yahoo Finance via yfinance
2022-10-20,143.02000427246094,145.88999938964844,142.64999389648438,143.38999938964844,140.64218139648438,64522000,AAPL,Yahoo Finance via yfinance
2022-10-21,142.8699951171875,147.85000610351562,142.64999389648438,147.27000427246094,144.4477996826172,86548600,AAPL,Yahoo Finance via yfinance
2022-10-24,147.19000244140625,150.22999572753906,146.0,149.4499969482422,146.5860595703125,75981900,AAPL,Yahoo Finance via yfinance
2022-10-25,150.08999633789062,152.49000549316406,149.36000061035156,152.33999633789062,149.420654296875,74732300,AAPL,Yahoo Finance via yfinance
2022-10-26,150.9600067138672,151.99000549316406,148.0399932861328,149.35000610351562,146.4879913330078,88194300,AAPL,Yahoo Finance via yfinance
2022-10-27,148.07000732421875,149.0500030517578,144.1300048828125,144.8000030517578,142.025146484375,109180200,AAPL,Yahoo Finance via yfinance
2022-10-28,148.1999969482422,157.5,147.82000732421875,155.74000549316406,152.75552368164062,164762400,AAPL,Yahoo Finance via yfinance
2022-10-31,153.16000366210938,154.24000549316406,151.9199981689453,153.33999633789062,150.40151977539062,97943200,AAPL,Yahoo Finance via yfinance
2022-11-01,155.0800018310547,155.4499969482422,149.1300048828125,150.64999389648438,147.7630157470703,80379300,AAPL,Yahoo Finance via yfinance
2022-11-02,148.9499969482422,152.1699981689453,145.0,145.02999877929688,142.25070190429688,93604600,AAPL,Yahoo Finance via yfinance
2022-11-03,142.05999755859375,142.8000030517578,138.75,138.8800048828125,136.21859741210938,97918500,AAPL,Yahoo Finance via yfinance
2022-11-04,142.08999633789062,142.6699981689453,134.3800048828125,138.3800048828125,135.95333862304688,140814800,AAPL,Yahoo Finance via yfinance
2022-11-07,137.11000061035156,139.14999389648438,135.6699981689453,138.9199981689453,136.48388671875,83374600,AAPL,Yahoo Finance via yfinance
2022-11-08,140.41000366210938,141.42999267578125,137.49000549316406,139.5,137.05369567871094,89908500,AAPL,Yahoo Finance via yfinance
2022-11-09,138.5,138.5500030517578,134.58999633789062,134.8699951171875,132.5048828125,74917800,AAPL,Yahoo Finance via yfinance
2022-11-10,141.24000549316406,146.8699951171875,139.5,146.8699951171875,144.29443359375,118854000,AAPL,Yahoo Finance via yfinance
2022-11-11,145.82000732421875,150.00999450683594,144.3699951171875,149.6999969482422,147.07484436035156,93979700,AAPL,Yahoo Finance via yfinance
2022-11-14,148.97000122070312,150.27999877929688,147.42999267578125,148.27999877929688,145.67974853515625,73374100,AAPL,Yahoo Finance via yfinance
2022-11-15,152.22000122070312,153.58999633789062,148.55999755859375,150.0399932861328,147.4088897705078,89868300,AAPL,Yahoo Finance via yfinance
2022-11-16,149.1300048828125,149.8699951171875,147.2899932861328,148.7899932861328,146.18077087402344,64218300,AAPL,Yahoo Finance via yfinance
2022-11-17,146.42999267578125,151.47999572753906,146.14999389648438,150.72000122070312,148.07693481445312,80389400,AAPL,Yahoo Finance via yfinance
2022-11-18,152.30999755859375,152.6999969482422,149.97000122070312,151.2899932861328,148.63693237304688,74829600,AAPL,Yahoo Finance via yfinance
2022-11-21,150.16000366210938,150.3699951171875,147.72000122070312,148.00999450683594,145.41445922851562,58724100,AAPL,Yahoo Finance via yfinance
2022-11-22,148.1300048828125,150.4199981689453,146.92999267578125,150.17999267578125,147.54638671875,51804100,AAPL,Yahoo Finance via yfinance
2022-11-23,149.4499969482422,151.8300018310547,149.33999633789062,151.07000732421875,148.42079162597656,58301400,AAPL,Yahoo Finance via yfinance
2022-11-25,148.30999755859375,148.8800048828125,147.1199951171875,148.11000061035156,145.5126953125,35195900,AAPL,Yahoo Finance via yfinance
2022-11-28,145.13999938964844,146.63999938964844,143.3800048828125,144.22000122070312,141.69093322753906,69246000,AAPL,Yahoo Finance via yfinance
2022-11-29,144.2899932861328,144.80999755859375,140.35000610351562,141.1699981689453,138.6944122314453,83763800,AAPL,Yahoo Finance via yfinance
2022-11-30,141.39999389648438,148.72000122070312,140.5500030517578,148.02999877929688,145.43411254882812,111380900,AAPL,Yahoo Finance via yfinance
2022-12-01,148.2100067138672,149.1300048828125,146.61000061035156,148.30999755859375,145.70919799804688,71250400,AAPL,Yahoo Finance via yfinance
2022-12-02,145.9600067138672,148.0,145.64999389648438,147.80999755859375,145.21795654296875,65447400,AAPL,Yahoo Finance via yfinance
2022-12-05,147.77000427246094,150.9199981689453,145.77000427246094,146.6300048828125,144.05865478515625,68826400,AAPL,Yahoo Finance via yfinance
2022-12-06,147.07000732421875,147.3000030517578,141.9199981689453,142.91000366210938,140.40391540527344,64727200,AAPL,Yahoo Finance via yfinance
2022-12-07,142.19000244140625,143.3699951171875,140.0,140.94000244140625,138.4684295654297,69721100,AAPL,Yahoo Finance via yfinance
2022-12-08,142.36000061035156,143.52000427246094,141.10000610351562,142.64999389648438,140.14845275878906,62128300,AAPL,Yahoo Finance via yfinance
2022-12-09,142.33999633789062,145.57000732421875,140.89999389648438,142.16000366210938,139.66705322265625,76097000,AAPL,Yahoo Finance via yfinance
2022-12-12,142.6999969482422,144.5,141.05999755859375,144.49000549316406,141.95619201660156,70462700,AAPL,Yahoo Finance via yfinance
2022-12-13,149.5,149.97000122070312,144.24000549316406,145.47000122070312,142.91905212402344,93886200,AAPL,Yahoo Finance via yfinance
2022-12-14,145.35000610351562,146.66000366210938,141.16000366210938,143.2100067138672,140.69862365722656,82291200,AAPL,Yahoo Finance via yfinance
2022-12-15,141.11000061035156,141.8000030517578,136.02999877929688,136.5,134.10629272460938,98931900,AAPL,Yahoo Finance via yfinance
2022-12-16,136.69000244140625,137.64999389648438,133.72999572753906,134.50999450683594,132.15118408203125,160156900,AAPL,Yahoo Finance via yfinance
2022-12-19,135.11000061035156,135.1999969482422,131.32000732421875,132.3699951171875,130.04873657226562,79592600,AAPL,Yahoo Finance via yfinance
2022-12-20,131.38999938964844,133.25,129.88999938964844,132.3000030517578,129.97998046875,77432800,AAPL,Yahoo Finance via yfinance
2022-12-21,132.97999572753906,136.80999755859375,132.75,135.4499969482422,133.07469177246094,85928000,AAPL,Yahoo Finance via yfinance
2022-12-22,134.35000610351562,134.55999755859375,130.3000030517578,132.22999572753906,129.91119384765625,77852100,AAPL,Yahoo Finance via yfinance
2022-12-23,130.9199981689453,132.4199981689453,129.63999938964844,131.86000061035156,129.5476837158203,63814900,AAPL,Yahoo Finance via yfinance
2022-12-27,131.3800048828125,131.41000366210938,128.72000122070312,130.02999877929688,127.74974060058594,69007800,AAPL,Yahoo Finance via yfinance
2022-12-28,129.6699981689453,131.02999877929688,125.87000274658203,126.04000091552734,123.82972717285156,85438400,AAPL,Yahoo Finance via yfinance
2022-12-29,127.98999786376953,130.47999572753906,127.7300033569336,129.61000061035156,127.33712005615234,75703700,AAPL,Yahoo Finance via yfinance
2022-12-30,128.41000366210938,129.9499969482422,127.43000030517578,129.92999267578125,127.65149688720703,77034200,AAPL,Yahoo Finance via yfinance
2023-01-03,130.27999877929688,130.89999389648438,124.16999816894531,125.06999969482422,122.87674713134766,112117500,AAPL,Yahoo Finance via yfinance
2023-01-04,126.88999938964844,128.66000366210938,125.08000183105469,126.36000061035156,124.14411163330078,89113600,AAPL,Yahoo Finance via yfinance
2023-01-05,127.12999725341797,127.7699966430664,124.76000213623047,125.0199966430664,122.82762145996094,80962700,AAPL,Yahoo Finance via yfinance
2023-01-06,126.01000213623047,130.2899932861328,124.88999938964844,129.6199951171875,127.34695434570312,87754700,AAPL,Yahoo Finance via yfinance
2023-01-09,130.47000122070312,133.41000366210938,129.88999938964844,130.14999389648438,127.8676528930664,70790800,AAPL,Yahoo Finance via yfinance
2023-01-10,130.25999450683594,131.25999450683594,128.1199951171875,130.72999572753906,128.43746948242188,63896200,AAPL,Yahoo Finance via yfinance
2023-01-11,131.25,133.50999450683594,130.4600067138672,133.49000549316406,131.14906311035156,69458900,AAPL,Yahoo Finance via yfinance
2023-01-12,133.8800048828125,134.25999450683594,131.44000244140625,133.41000366210938,131.0704803466797,71379600,AAPL,Yahoo Finance via yfinance
2023-01-13,132.02999877929688,134.9199981689453,131.66000366210938,134.75999450683594,132.39678955078125,57809700,AAPL,Yahoo Finance via yfinance
2023-01-17,134.8300018310547,137.2899932861328,134.1300048828125,135.94000244140625,133.55612182617188,63646600,AAPL,Yahoo Finance via yfinance
2023-01-18,136.82000732421875,138.61000061035156,135.02999877929688,135.2100067138672,132.8389434814453,69672800,AAPL,Yahoo Finance via yfinance
2023-01-19,134.0800018310547,136.25,133.77000427246094,135.27000427246094,132.8978729248047,58280400,AAPL,Yahoo Finance via yfinance
2023-01-20,135.27999877929688,138.02000427246094,134.22000122070312,137.8699951171875,135.4522705078125,80223600,AAPL,Yahoo Finance via yfinance
2023-01-23,138.1199951171875,143.32000732421875,137.89999389648438,141.11000061035156,138.63543701171875,81760300,AAPL,Yahoo Finance via yfinance
2023-01-24,140.30999755859375,143.16000366210938,140.3000030517578,142.52999877929688,140.0305633544922,66435100,AAPL,Yahoo Finance via yfinance
2023-01-25,140.88999938964844,142.42999267578125,138.80999755859375,141.86000061035156,139.372314453125,65799300,AAPL,Yahoo Finance via yfinance
2023-01-26,143.1699981689453,144.25,141.89999389648438,143.9600067138672,141.4355010986328,54105100,AAPL,Yahoo Finance via yfinance
2023-01-27,143.16000366210938,147.22999572753906,143.0800018310547,145.92999267578125,143.37091064453125,70555800,AAPL,Yahoo Finance via yfinance
2023-01-30,144.9600067138672,145.5500030517578,142.85000610351562,143.0,140.49234008789062,64015300,AAPL,Yahoo Finance via yfinance
2023-01-31,142.6999969482422,144.33999633789062,142.27999877929688,144.2899932861328,141.75970458984375,65874500,AAPL,Yahoo Finance via yfinance
2023-02-01,143.97000122070312,146.61000061035156,141.32000732421875,145.42999267578125,142.87969970703125,77663600,AAPL,Yahoo Finance via yfinance
2023-02-02,148.89999389648438,151.17999267578125,148.1699981689453,150.82000732421875,148.17520141601562,118339000,AAPL,Yahoo Finance via yfinance
2023-02-03,148.02999877929688,157.3800048828125,147.8300018310547,154.5,151.7906494140625,154357300,AAPL,Yahoo Finance via yfinance
2023-02-06,152.57000732421875,153.10000610351562,150.77999877929688,151.72999572753906,149.0692138671875,69858300,AAPL,Yahoo Finance via yfinance
2023-02-07,150.63999938964844,155.22999572753906,150.63999938964844,154.64999389648438,151.93800354003906,83322600,AAPL,Yahoo Finance via yfinance
2023-02-08,153.8800048828125,154.5800018310547,151.1699981689453,151.9199981689453,149.2559051513672,64120100,AAPL,Yahoo Finance via yfinance
2023-02-09,153.77999877929688,154.3300018310547,150.4199981689453,150.8699951171875,148.22427368164062,56007100,AAPL,Yahoo Finance via yfinance
2023-02-10,149.4600067138672,151.33999633789062,149.22000122070312,151.00999450683594,148.58834838867188,57450700,AAPL,Yahoo Finance via yfinance
2023-02-13,150.9499969482422,154.25999450683594,150.9199981689453,153.85000610351562,151.38284301757812,62199000,AAPL,Yahoo Finance via yfinance
2023-02-14,152.1199951171875,153.77000427246094,150.86000061035156,153.1999969482422,150.74322509765625,61707600,AAPL,Yahoo Finance via yfinance
2023-02-15,153.11000061035156,155.5,152.8800048828125,155.3300018310547,152.839111328125,65573800,AAPL,Yahoo Finance via yfinance
2023-02-16,153.50999450683594,156.3300018310547,153.35000610351562,153.7100067138672,151.24510192871094,68167900,AAPL,Yahoo Finance via yfinance
2023-02-17,152.35000610351562,153.0,150.85000610351562,152.5500030517578,150.10369873046875,59144100,AAPL,Yahoo Finance via yfinance
2023-02-21,150.1999969482422,151.3000030517578,148.41000366210938,148.47999572753906,146.0989532470703,58867200,AAPL,Yahoo Finance via yfinance
2023-02-22,148.8699951171875,149.9499969482422,147.16000366210938,148.91000366210938,146.52206420898438,51011300,AAPL,Yahoo Finance via yfinance
2023-02-23,150.08999633789062,150.33999633789062,147.24000549316406,149.39999389648438,147.00421142578125,48394200,AAPL,Yahoo Finance via yfinance
2023-02-24,147.11000061035156,147.19000244140625,145.72000122070312,146.7100067138672,144.35731506347656,55469600,AAPL,Yahoo Finance via yfinance
2023-02-27,147.7100067138672,149.1699981689453,147.4499969482422,147.9199981689453,145.5479278564453,44998500,AAPL,Yahoo Finance via yfinance
2023-02-28,147.0500030517578,149.0800018310547,146.8300018310547,147.41000366210938,145.04611206054688,50547000,AAPL,Yahoo Finance via yfinance
2023-03-01,146.8300018310547,147.22999572753906,145.00999450683594,145.30999755859375,142.97975158691406,55479000,AAPL,Yahoo Finance via yfinance
2023-03-02,144.3800048828125,146.7100067138672,143.89999389648438,145.91000366210938,143.5701904296875,52238100,AAPL,Yahoo Finance via yfinance
2023-03-03,148.0399932861328,151.11000061035156,147.3300018310547,151.02999877929688,148.6080780029297,70732300,AAPL,Yahoo Finance via yfinance
2023-03-06,153.7899932861328,156.3000030517578,153.4600067138672,153.8300018310547,151.3631591796875,87558000,AAPL,Yahoo Finance via yfinance
2023-03-07,153.6999969482422,154.02999877929688,151.1300048828125,151.60000610351562,149.16891479492188,56182000,AAPL,Yahoo Finance via yfinance
2023-03-08,152.80999755859375,153.47000122070312,151.8300018310547,152.8699951171875,150.4185333251953,47204800,AAPL,Yahoo Finance via yfinance
2023-03-09,153.55999755859375,154.5399932861328,150.22999572753906,150.58999633789062,148.1751251220703,53833600,AAPL,Yahoo Finance via yfinance
2023-03-10,150.2100067138672,150.94000244140625,147.61000061035156,148.5,146.1186065673828,68572400,AAPL,Yahoo Finance via yfinance
2023-03-13,147.80999755859375,153.13999938964844,147.6999969482422,150.47000122070312,148.05702209472656,84457100,AAPL,Yahoo Finance via yfinance
2023-03-14,151.27999877929688,153.39999389648438,150.10000610351562,152.58999633789062,150.14303588867188,73695900,AAPL,Yahoo Finance via yfinance
2023-03-15,151.19000244140625,153.25,149.9199981689453,152.99000549316406,150.53662109375,77167900,AAPL,Yahoo Finance via yfinance
2023-03-16,152.16000366210938,156.4600067138672,151.63999938964844,155.85000610351562,153.3507843017578,76161100,AAPL,Yahoo Finance via yfinance
2023-03-17,156.0800018310547,156.74000549316406,154.27999877929688,155.0,152.51441955566406,98944600,AAPL,Yahoo Finance via yfinance
2023-03-20,155.07000732421875,157.82000732421875,154.14999389648438,157.39999389648438,154.87588500976562,73641400,AAPL,Yahoo Finance via yfinance
2023-03-21,157.32000732421875,159.39999389648438,156.5399932861328,159.27999877929688,156.7257537841797,73938300,AAPL,Yahoo Finance via yfinance
2023-03-22,159.3000030517578,162.13999938964844,157.80999755859375,157.8300018310547,155.2989959716797,75701800,AAPL,Yahoo Finance via yfinance
2023-03-23,158.8300018310547,161.5500030517578,157.67999267578125,158.92999267578125,156.38134765625,67622100,AAPL,Yahoo Finance via yfinance
2023-03-24,158.86000061035156,160.33999633789062,157.85000610351562,160.25,157.68017578125,59196500,AAPL,Yahoo Finance via yfinance
2023-03-27,159.94000244140625,160.77000427246094,157.8699951171875,158.27999877929688,155.74180603027344,52390300,AAPL,Yahoo Finance via yfinance
2023-03-28,157.97000122070312,158.49000549316406,155.97999572753906,157.64999389648438,155.12188720703125,45992200,AAPL,Yahoo Finance via yfinance
2023-03-29,159.3699951171875,161.0500030517578,159.35000610351562,160.77000427246094,158.1918487548828,51305700,AAPL,Yahoo Finance via yfinance
2023-03-30,161.52999877929688,162.47000122070312,161.27000427246094,162.36000061035156,159.75636291503906,49501700,AAPL,Yahoo Finance via yfinance
2023-03-31,162.44000244140625,165.0,161.91000366210938,164.89999389648438,162.25564575195312,68749800,AAPL,Yahoo Finance via yfinance
2023-04-03,164.27000427246094,166.2899932861328,164.22000122070312,166.1699981689453,163.50527954101562,56976200,AAPL,Yahoo Finance via yfinance
2023-04-04,166.60000610351562,166.83999633789062,165.11000061035156,165.6300048828125,162.9739532470703,46278300,AAPL,Yahoo Finance via yfinance
2023-04-05,164.74000549316406,165.0500030517578,161.8000030517578,163.75999450683594,161.13392639160156,51511700,AAPL,Yahoo Finance via yfinance
2023-04-06,162.42999267578125,164.9600067138672,162.0,164.66000366210938,162.01950073242188,45390100,AAPL,Yahoo Finance via yfinance
2023-04-10,161.4199981689453,162.02999877929688,160.0800018310547,162.02999877929688,159.431640625,47716900,AAPL,Yahoo Finance via yfinance
2023-04-11,162.35000610351562,162.36000061035156,160.50999450683594,160.8000030517578,158.2213897705078,47644200,AAPL,Yahoo Finance via yfinance
2023-04-12,161.22000122070312,162.05999755859375,159.77999877929688,160.10000610351562,157.5325927734375,50133100,AAPL,Yahoo Finance via yfinance
2023-04-13,161.6300048828125,165.8000030517578,161.4199981689453,165.55999755859375,162.90504455566406,68445600,AAPL,Yahoo Finance via yfinance
2023-04-14,164.58999633789062,166.32000732421875,163.82000732421875,165.2100067138672,162.56063842773438,49386500,AAPL,Yahoo Finance via yfinance
2023-04-17,165.08999633789062,165.38999938964844,164.02999877929688,165.22999572753906,162.58033752441406,41516200,AAPL,Yahoo Finance via yfinance
2023-04-18,166.10000610351562,167.41000366210938,165.64999389648438,166.47000122070312,163.80047607421875,49923000,AAPL,Yahoo Finance via yfinance
2023-04-19,165.8000030517578,168.16000366210938,165.5399932861328,167.6300048828125,164.94183349609375,47720200,AAPL,Yahoo Finance via yfinance
2023-04-20,166.08999633789062,167.8699951171875,165.55999755859375,166.64999389648438,163.97755432128906,52456400,AAPL,Yahoo Finance via yfinance
2023-04-21,165.0500030517578,166.4499969482422,164.49000549316406,165.02000427246094,162.3737030029297,58337300,AAPL,Yahoo Finance via yfinance
2023-04-24,165.0,165.60000610351562,163.88999938964844,165.3300018310547,162.67874145507812,41949600,AAPL,Yahoo Finance via yfinance
2023-04-25,165.19000244140625,166.30999755859375,163.72999572753906,163.77000427246094,161.14376831054688,48714100,AAPL,Yahoo Finance via yfinance
2023-04-26,163.05999755859375,165.27999877929688,162.8000030517578,163.75999450683594,161.13392639160156,45498800,AAPL,Yahoo Finance via yfinance
2023-04-27,165.19000244140625,168.55999755859375,165.19000244140625,168.41000366210938,165.70932006835938,64902300,AAPL,Yahoo Finance via yfinance
2023-04-28,168.49000549316406,169.85000610351562,167.8800048828125,169.67999267578125,166.958984375,55275900,AAPL,Yahoo Finance via yfinance
2023-05-01,169.27999877929688,170.4499969482422,168.63999938964844,169.58999633789062,166.87039184570312,52472900,AAPL,Yahoo Finance via yfinance
2023-05-02,170.08999633789062,170.35000610351562,167.5399932861328,168.5399932861328,165.8372344970703,48425700,AAPL,Yahoo Finance via yfinance
2023-05-03,169.5,170.9199981689453,167.16000366210938,167.4499969482422,164.76473999023438,65136000,AAPL,Yahoo Finance via yfinance
2023-05-04,164.88999938964844,167.0399932861328,164.30999755859375,165.7899932861328,163.13136291503906,81235400,AAPL,Yahoo Finance via yfinance
2023-05-05,170.97999572753906,174.3000030517578,170.75999450683594,173.57000732421875,170.78660583496094,113453200,AAPL,Yahoo Finance via yfinance
2023-05-08,172.47999572753906,173.85000610351562,172.11000061035156,173.5,170.71771240234375,55962800,AAPL,Yahoo Finance via yfinance
2023-05-09,173.0500030517578,173.5399932861328,171.60000610351562,171.77000427246094,169.0154571533203,45326900,AAPL,Yahoo Finance via yfinance
2023-05-10,173.02000427246094,174.02999877929688,171.89999389648438,173.55999755859375,170.77676391601562,53724500,AAPL,Yahoo Finance via yfinance
2023-05-11,173.85000610351562,174.58999633789062,172.1699981689453,173.75,170.96372985839844,49514700,AAPL,Yahoo Finance via yfinance
2023-05-12,173.6199951171875,174.05999755859375,171.0,172.57000732421875,170.0375213623047,45533100,AAPL,Yahoo Finance via yfinance
2023-05-15,173.16000366210938,173.2100067138672,171.47000122070312,172.07000732421875,169.54486083984375,37266700,AAPL,Yahoo Finance via yfinance
2023-05-16,171.99000549316406,173.13999938964844,171.8000030517578,172.07000732421875,169.54486083984375,42110300,AAPL,Yahoo Finance via yfinance
2023-05-17,171.7100067138672,172.92999267578125,170.4199981689453,172.69000244140625,170.15574645996094,57951600,AAPL,Yahoo Finance via yfinance
2023-05-18,173.0,175.24000549316406,172.5800018310547,175.0500030517578,172.4811248779297,65496700,AAPL,Yahoo Finance via yfinance
2023-05-19,176.38999938964844,176.38999938964844,174.94000244140625,175.16000366210938,172.58950805664062,55809500,AAPL,Yahoo Finance via yfinance
2023-05-22,173.97999572753906,174.7100067138672,173.4499969482422,174.1999969482422,171.64358520507812,43570900,AAPL,Yahoo Finance via yfinance
2023-05-23,173.1300048828125,173.3800048828125,171.27999877929688,171.55999755859375,169.04232788085938,50747300,AAPL,Yahoo Finance via yfinance
2023-05-24,171.08999633789062,172.4199981689453,170.52000427246094,171.83999633789062,169.31820678710938,45143500,AAPL,Yahoo Finance via yfinance
2023-05-25,172.41000366210938,173.89999389648438,171.69000244140625,172.99000549316406,170.4513397216797,56058300,AAPL,Yahoo Finance via yfinance
2023-05-26,173.32000732421875,175.77000427246094,173.11000061035156,175.42999267578125,172.8555450439453,54835000,AAPL,Yahoo Finance via yfinance
2023-05-30,176.9600067138672,178.99000549316406,176.57000732421875,177.3000030517578,174.69808959960938,55964400,AAPL,Yahoo Finance via yfinance
2023-05-31,177.3300018310547,179.35000610351562,176.75999450683594,177.25,174.64883422851562,99625300,AAPL,Yahoo Finance via yfinance
2023-06-01,177.6999969482422,180.1199951171875,176.92999267578125,180.08999633789062,177.4471435546875,68901800,AAPL,Yahoo Finance via yfinance
2023-06-02,181.02999877929688,181.77999877929688,179.25999450683594,180.9499969482422,178.29454040527344,61996900,AAPL,Yahoo Finance via yfinance
2023-06-05,182.6300048828125,184.9499969482422,178.0399932861328,179.5800018310547,176.9446258544922,121946500,AAPL,Yahoo Finance via yfinance
2023-06-06,179.97000122070312,180.1199951171875,177.42999267578125,179.2100067138672,176.580078125,64848400,AAPL,Yahoo Finance via yfinance
2023-06-07,178.44000244140625,181.2100067138672,177.32000732421875,177.82000732421875,175.21046447753906,61944600,AAPL,Yahoo Finance via yfinance
2023-06-08,177.89999389648438,180.83999633789062,177.4600067138672,180.57000732421875,177.9201202392578,50214900,AAPL,Yahoo Finance via yfinance
2023-06-09,181.5,182.22999572753906,180.6300048828125,180.9600067138672,178.3043975830078,48900000,AAPL,Yahoo Finance via yfinance
2023-06-12,181.27000427246094,183.88999938964844,180.97000122070312,183.7899932861328,181.0928497314453,54274900,AAPL,Yahoo Finance via yfinance
2023-06-13,182.8000030517578,184.14999389648438,182.44000244140625,183.30999755859375,180.61990356445312,54929100,AAPL,Yahoo Finance via yfinance
2023-06-14,183.3699951171875,184.38999938964844,182.02000427246094,183.9499969482422,181.25050354003906,57462900,AAPL,Yahoo Finance via yfinance
2023-06-15,183.9600067138672,186.52000427246094,183.77999877929688,186.00999450683594,183.28024291992188,65433200,AAPL,Yahoo Finance via yfinance
2023-06-16,186.72999572753906,186.99000549316406,184.27000427246094,184.9199981689453,182.2062530517578,101256200,AAPL,Yahoo Finance via yfinance
2023-06-20,184.41000366210938,186.10000610351562,184.41000366210938,185.00999450683594,182.29493713378906,49799100,AAPL,Yahoo Finance via yfinance
2023-06-21,184.89999389648438,185.41000366210938,182.58999633789062,183.9600067138672,181.26034545898438,49515700,AAPL,Yahoo Finance via yfinance
2023-06-22,183.74000549316406,187.0500030517578,183.6699981689453,187.0,184.2557373046875,51245300,AAPL,Yahoo Finance via yfinance
2023-06-23,185.5500030517578,187.55999755859375,185.00999450683594,186.67999267578125,183.94044494628906,53117000,AAPL,Yahoo Finance via yfinance
2023-06-26,186.8300018310547,188.0500030517578,185.22999572753906,185.27000427246094,182.5511016845703,48088700,AAPL,Yahoo Finance via yfinance
2023-06-27,185.88999938964844,188.38999938964844,185.6699981689453,188.05999755859375,185.30020141601562,50730800,AAPL,Yahoo Finance via yfinance
2023-06-28,187.92999267578125,189.89999389648438,187.60000610351562,189.25,186.47271728515625,51216800,AAPL,Yahoo Finance via yfinance
2023-06-29,189.0800018310547,190.07000732421875,188.94000244140625,189.58999633789062,186.80770874023438,46347300,AAPL,Yahoo Finance via yfinance
2023-06-30,191.6300048828125,194.47999572753906,191.25999450683594,193.97000122070312,191.12344360351562,85213200,AAPL,Yahoo Finance via yfinance
2023-07-03,193.77999877929688,193.8800048828125,191.75999450683594,192.4600067138672,189.63565063476562,31458200,AAPL,Yahoo Finance via yfinance
2023-07-05,191.57000732421875,192.97999572753906,190.6199951171875,191.3300018310547,188.52220153808594,46920300,AAPL,Yahoo Finance via yfinance
2023-07-06,189.83999633789062,192.02000427246094,189.1999969482422,191.80999755859375,188.99514770507812,45094300,AAPL,Yahoo Finance via yfinance
2023-07-07,191.41000366210938,192.6699981689453,190.24000549316406,190.67999267578125,187.88174438476562,46815000,AAPL,Yahoo Finance via yfinance
2023-07-10,189.25999450683594,189.99000549316406,187.0399932861328,188.61000061035156,185.8421173095703,59922200,AAPL,Yahoo Finance via yfinance
2023-07-11,189.16000366210938,189.3000030517578,186.60000610351562,188.0800018310547,185.3199005126953,46638100,AAPL,Yahoo Finance via yfinance
2023-07-12,189.67999267578125,191.6999969482422,188.47000122070312,189.77000427246094,186.98512268066406,60750200,AAPL,Yahoo Finance via yfinance
2023-07-13,190.5,191.19000244140625,189.77999877929688,190.5399932861328,187.74380493164062,41342300,AAPL,Yahoo Finance via yfinance
2023-07-14,190.22999572753906,191.17999267578125,189.6300048828125,190.69000244140625,187.89157104492188,41616200,AAPL,Yahoo Finance via yfinance
2023-07-17,191.89999389648438,194.32000732421875,191.80999755859375,193.99000549316406,191.14315795898438,50520200,AAPL,Yahoo Finance via yfinance
2023-07-18,193.35000610351562,194.3300018310547,192.4199981689453,193.72999572753906,190.88697814941406,48288200,AAPL,Yahoo Finance via yfinance
2023-07-19,193.10000610351562,198.22999572753906,192.64999389648438,195.10000610351562,192.2368927001953,80507300,AAPL,Yahoo Finance via yfinance
2023-07-20,195.08999633789062,196.47000122070312,192.5,193.1300048828125,190.29579162597656,59581200,AAPL,Yahoo Finance via yfinance
2023-07-21,194.10000610351562,194.97000122070312,191.22999572753906,191.94000244140625,189.12327575683594,71951700,AAPL,Yahoo Finance via yfinance
2023-07-24,193.41000366210938,194.91000366210938,192.25,192.75,189.92137145996094,45377800,AAPL,Yahoo Finance via yfinance
2023-07-25,193.3300018310547,194.44000244140625,192.9199981689453,193.6199951171875,190.77859497070312,37283200,AAPL,Yahoo Finance via yfinance
2023-07-26,193.6699981689453,195.63999938964844,193.32000732421875,194.5,191.6456756591797,47471900,AAPL,Yahoo Finance via yfinance
2023-07-27,196.02000427246094,197.1999969482422,192.5500030517578,193.22000122070312,190.38446044921875,47460200,AAPL,Yahoo Finance via yfinance
2023-07-28,194.6699981689453,196.6300048828125,194.13999938964844,195.8300018310547,192.95616149902344,48291400,AAPL,Yahoo Finance via yfinance
2023-07-31,196.05999755859375,196.49000549316406,195.25999450683594,196.4499969482422,193.5670928955078,38824100,AAPL,Yahoo Finance via yfinance
2023-08-01,196.24000549316406,196.72999572753906,195.27999877929688,195.61000061035156,192.73939514160156,35175100,AAPL,Yahoo Finance via yfinance
2023-08-02,195.0399932861328,195.17999267578125,191.85000610351562,192.5800018310547,189.75384521484375,50389300,AAPL,Yahoo Finance via yfinance
2023-08-03,191.57000732421875,192.3699951171875,190.69000244140625,191.1699981689453,188.3645477294922,61235200,AAPL,Yahoo Finance via yfinance
2023-08-04,185.52000427246094,187.3800048828125,181.9199981689453,181.99000549316406,179.31924438476562,115956800,AAPL,Yahoo Finance via yfinance
2023-08-07,182.1300048828125,183.1300048828125,177.35000610351562,178.85000610351562,176.22532653808594,97576100,AAPL,Yahoo Finance via yfinance
2023-08-08,179.69000244140625,180.27000427246094,177.5800018310547,179.8000030517578,177.16139221191406,67823000,AAPL,Yahoo Finance via yfinance
2023-08-09,180.8699951171875,180.92999267578125,177.00999450683594,178.19000244140625,175.57501220703125,60378500,AAPL,Yahoo Finance via yfinance
2023-08-10,179.47999572753906,180.75,177.60000610351562,177.97000122070312,175.35824584960938,54686900,AAPL,Yahoo Finance via yfinance
2023-08-11,177.32000732421875,178.6199951171875,176.5500030517578,177.7899932861328,175.41744995117188,52036700,AAPL,Yahoo Finance via yfinance
2023-08-14,177.97000122070312,179.69000244140625,177.30999755859375,179.4600067138672,177.06517028808594,43675600,AAPL,Yahoo Finance via yfinance
2023-08-15,178.8800048828125,179.47999572753906,177.0500030517578,177.4499969482422,175.0819854736328,43622600,AAPL,Yahoo Finance via yfinance
2023-08-16,177.1300048828125,178.5399932861328,176.5,176.57000732421875,174.2137451171875,46964900,AAPL,Yahoo Finance via yfinance
2023-08-17,177.13999938964844,177.50999450683594,173.47999572753906,174.0,171.6780548095703,66062900,AAPL,Yahoo Finance via yfinance
2023-08-18,172.3000030517578,175.10000610351562,171.9600067138672,174.49000549316406,172.1614990234375,61172200,AAPL,Yahoo Finance via yfinance
2023-08-21,175.07000732421875,176.1300048828125,173.74000549316406,175.83999633789062,173.49346923828125,46311900,AAPL,Yahoo Finance via yfinance
2023-08-22,177.05999755859375,177.67999267578125,176.25,177.22999572753906,174.86492919921875,42038900,AAPL,Yahoo Finance via yfinance
2023-08-23,178.52000427246094,181.5500030517578,178.3300018310547,181.1199951171875,178.7030029296875,52722800,AAPL,Yahoo Finance via yfinance
2023-08-24,180.6699981689453,181.10000610351562,176.00999450683594,176.3800048828125,174.02627563476562,54945800,AAPL,Yahoo Finance via yfinance
2023-08-25,177.3800048828125,179.14999389648438,175.82000732421875,178.61000061035156,176.22650146484375,51449600,AAPL,Yahoo Finance via yfinance
2023-08-28,180.08999633789062,180.58999633789062,178.5500030517578,180.19000244140625,177.78546142578125,43820700,AAPL,Yahoo Finance via yfinance
2023-08-29,179.6999969482422,184.89999389648438,179.5,184.1199951171875,181.6629638671875,53003900,AAPL,Yahoo Finance via yfinance
2023-08-30,184.94000244140625,187.85000610351562,184.74000549316406,187.64999389648438,185.14590454101562,60813900,AAPL,Yahoo Finance via yfinance
2023-08-31,187.83999633789062,189.1199951171875,187.47999572753906,187.8699951171875,185.36293029785156,60794500,AAPL,Yahoo Finance via yfinance
2023-09-01,189.49000549316406,189.9199981689453,188.27999877929688,189.4600067138672,186.9317169189453,45766500,AAPL,Yahoo Finance via yfinance
2023-09-05,188.27999877929688,189.97999572753906,187.61000061035156,189.6999969482422,187.1685333251953,45280000,AAPL,Yahoo Finance via yfinance
2023-09-06,188.39999389648438,188.85000610351562,181.47000122070312,182.91000366210938,180.46913146972656,81755800,AAPL,Yahoo Finance via yfinance
2023-09-07,175.17999267578125,178.2100067138672,173.5399932861328,177.55999755859375,175.1905517578125,112488800,AAPL,Yahoo Finance via yfinance
2023-09-08,178.35000610351562,180.24000549316406,177.7899932861328,178.17999267578125,175.80227661132812,65551300,AAPL,Yahoo Finance via yfinance
2023-09-11,180.07000732421875,180.3000030517578,177.33999633789062,179.36000061035156,176.9665069580078,58953100,AAPL,Yahoo Finance via yfinance
2023-09-12,179.49000549316406,180.1300048828125,174.82000732421875,176.3000030517578,173.9473419189453,90370200,AAPL,Yahoo Finance via yfinance
2023-09-13,176.50999450683594,177.3000030517578,173.97999572753906,174.2100067138672,171.88525390625,84267900,AAPL,Yahoo Finance via yfinance
2023-09-14,174.0,176.10000610351562,173.5800018310547,175.74000549316406,173.3948211669922,60895800,AAPL,Yahoo Finance via yfinance
2023-09-15,176.47999572753906,176.5,173.82000732421875,175.00999450683594,172.674560546875,109259500,AAPL,Yahoo Finance via yfinance
2023-09-18,176.47999572753906,179.3800048828125,176.1699981689453,177.97000122070312,175.59506225585938,67257600,AAPL,Yahoo Finance via yfinance
2023-09-19,177.52000427246094,179.6300048828125,177.1300048828125,179.07000732421875,176.68035888671875,51826900,AAPL,Yahoo Finance via yfinance
2023-09-20,179.25999450683594,179.6999969482422,175.39999389648438,175.49000549316406,173.1481475830078,58436200,AAPL,Yahoo Finance via yfinance
2023-09-21,174.5500030517578,176.3000030517578,173.86000061035156,173.92999267578125,171.60897827148438,63149100,AAPL,Yahoo Finance via yfinance
2023-09-22,174.6699981689453,177.0800018310547,174.0500030517578,174.7899932861328,172.45748901367188,56725400,AAPL,Yahoo Finance via yfinance
2023-09-25,174.1999969482422,176.97000122070312,174.14999389648438,176.0800018310547,173.7302703857422,46172700,AAPL,Yahoo Finance via yfinance
2023-09-26,174.82000732421875,175.1999969482422,171.66000366210938,171.9600067138672,169.665283203125,64588900,AAPL,Yahoo Finance via yfinance
2023-09-27,172.6199951171875,173.0399932861328,169.0500030517578,170.42999267578125,168.15565490722656,66921800,AAPL,Yahoo Finance via yfinance
2023-09-28,169.33999633789062,172.02999877929688,167.6199951171875,170.69000244140625,168.4122314453125,56294400,AAPL,Yahoo Finance via yfinance
2023-09-29,172.02000427246094,173.07000732421875,170.33999633789062,171.2100067138672,168.92529296875,51861100,AAPL,Yahoo Finance via yfinance
2023-10-02,171.22000122070312,174.3000030517578,170.92999267578125,173.75,171.43136596679688,52164500,AAPL,Yahoo Finance via yfinance
2023-10-03,172.25999450683594,173.6300048828125,170.82000732421875,172.39999389648438,170.099365234375,49594600,AAPL,Yahoo Finance via yfinance
2023-10-04,171.08999633789062,174.2100067138672,170.97000122070312,173.66000366210938,171.3425750732422,53020300,AAPL,Yahoo Finance via yfinance
2023-10-05,173.7899932861328,175.4499969482422,172.67999267578125,174.91000366210938,172.57591247558594,48527900,AAPL,Yahoo Finance via yfinance
2023-10-06,173.8000030517578,177.99000549316406,173.17999267578125,177.49000549316406,175.12147521972656,57266700,AAPL,Yahoo Finance via yfinance
2023-10-09,176.80999755859375,179.0500030517578,175.8000030517578,178.99000549316406,176.60145568847656,42390800,AAPL,Yahoo Finance via yfinance
2023-10-10,178.10000610351562,179.72000122070312,177.9499969482422,178.38999938964844,176.00942993164062,43698000,AAPL,Yahoo Finance via yfinance
2023-10-11,178.1999969482422,179.85000610351562,177.60000610351562,179.8000030517578,177.40060424804688,47551100,AAPL,Yahoo Finance via yfinance
2023-10-12,180.07000732421875,182.33999633789062,179.0399932861328,180.7100067138672,178.29847717285156,56743100,AAPL,Yahoo Finance via yfinance
2023-10-13,181.4199981689453,181.92999267578125,178.13999938964844,178.85000610351562,176.4633026123047,51427100,AAPL,Yahoo Finance via yfinance
2023-10-16,176.75,179.0800018310547,176.50999450683594,178.72000122070312,176.33505249023438,52517000,AAPL,Yahoo Finance via yfinance
2023-10-17,176.64999389648438,178.4199981689453,174.8000030517578,177.14999389648438,174.78598022460938,57549400,AAPL,Yahoo Finance via yfinance
2023-10-18,175.5800018310547,177.5800018310547,175.11000061035156,175.83999633789062,173.49346923828125,54764400,AAPL,Yahoo Finance via yfinance
2023-10-19,176.0399932861328,177.83999633789062,175.19000244140625,175.4600067138672,173.11854553222656,59302900,AAPL,Yahoo Finance via yfinance
2023-10-20,175.30999755859375,175.4199981689453,172.63999938964844,172.8800048828125,170.572998046875,64244000,AAPL,Yahoo Finance via yfinance
2023-10-23,170.91000366210938,174.00999450683594,169.92999267578125,173.0,170.69137573242188,55980100,AAPL,Yahoo Finance via yfinance
2023-10-24,173.0500030517578,173.6699981689453,171.4499969482422,173.44000244140625,171.12550354003906,43816600,AAPL,Yahoo Finance via yfinance
2023-10-25,171.8800048828125,173.05999755859375,170.64999389648438,171.10000610351562,168.81674194335938,57157000,AAPL,Yahoo Finance via yfinance
2023-10-26,170.3699951171875,171.3800048828125,165.6699981689453,166.88999938964844,164.6629180908203,70625300,AAPL,Yahoo Finance via yfinance
2023-10-27,166.91000366210938,168.9600067138672,166.8300018310547,168.22000122070312,165.9751739501953,58499100,AAPL,Yahoo Finance via yfinance
2023-10-30,169.02000427246094,171.1699981689453,168.8699951171875,170.2899932861328,168.01756286621094,51131000,AAPL,Yahoo Finance via yfinance
2023-10-31,169.35000610351562,170.89999389648438,167.89999389648438,170.77000427246094,168.4911346435547,44846000,AAPL,Yahoo Finance via yfinance
2023-11-01,171.0,174.22999572753906,170.1199951171875,173.97000122070312,171.64842224121094,56934900,AAPL,Yahoo Finance via yfinance
2023-11-02,175.52000427246094,177.77999877929688,175.4600067138672,177.57000732421875,175.2003936767578,77334800,AAPL,Yahoo Finance via yfinance
2023-11-03,174.24000549316406,176.82000732421875,173.35000610351562,176.64999389648438,174.29266357421875,79829200,AAPL,Yahoo Finance via yfinance
2023-11-06,176.3800048828125,179.42999267578125,176.2100067138672,179.22999572753906,176.83824157714844,63841300,AAPL,Yahoo Finance via yfinance
2023-11-07,179.17999267578125,182.44000244140625,178.97000122070312,181.82000732421875,179.39369201660156,70530000,AAPL,Yahoo Finance via yfinance
2023-11-08,182.35000610351562,183.4499969482422,181.58999633789062,182.88999938964844,180.44940185546875,49340300,AAPL,Yahoo Finance via yfinance
2023-11-09,182.9600067138672,184.1199951171875,181.80999755859375,182.41000366210938,179.975830078125,53763500,AAPL,Yahoo Finance via yfinance
2023-11-10,183.97000122070312,186.57000732421875,183.52999877929688,186.39999389648438,184.1548614501953,66133400,AAPL,Yahoo Finance via yfinance
2023-11-13,185.82000732421875,186.02999877929688,184.2100067138672,184.8000030517578,182.57411193847656,43627500,AAPL,Yahoo Finance via yfinance
2023-11-14,187.6999969482422,188.11000061035156,186.3000030517578,187.44000244140625,185.1823272705078,60108400,AAPL,Yahoo Finance via yfinance
2023-11-15,187.85000610351562,189.5,187.77999877929688,188.00999450683594,185.74542236328125,53790500,AAPL,Yahoo Finance via yfinance
2023-11-16,189.57000732421875,190.9600067138672,188.64999389648438,189.7100067138672,187.42498779296875,54412900,AAPL,Yahoo Finance via yfinance
2023-11-17,190.25,190.3800048828125,188.57000732421875,189.69000244140625,187.40524291992188,50922700,AAPL,Yahoo Finance via yfinance
2023-11-20,189.88999938964844,191.91000366210938,189.8800048828125,191.4499969482422,189.14402770996094,46505100,AAPL,Yahoo Finance via yfinance
2023-11-21,191.41000366210938,191.52000427246094,189.74000549316406,190.63999938964844,188.34378051757812,38134500,AAPL,Yahoo Finance via yfinance
2023-11-22,191.49000549316406,192.92999267578125,190.8300018310547,191.30999755859375,189.00572204589844,39617700,AAPL,Yahoo Finance via yfinance
2023-11-24,190.8699951171875,190.89999389648438,189.25,189.97000122070312,187.6818389892578,24048300,AAPL,Yahoo Finance via yfinance
2023-11-27,189.9199981689453,190.6699981689453,188.89999389648438,189.7899932861328,187.50399780273438,40552600,AAPL,Yahoo Finance via yfinance
2023-11-28,189.77999877929688,191.0800018310547,189.39999389648438,190.39999389648438,188.10667419433594,38415400,AAPL,Yahoo Finance via yfinance
2023-11-29,190.89999389648438,192.08999633789062,188.97000122070312,189.3699951171875,187.0890655517578,43014200,AAPL,Yahoo Finance via yfinance
2023-11-30,189.83999633789062,190.32000732421875,188.19000244140625,189.9499969482422,187.662109375,48794400,AAPL,Yahoo Finance via yfinance
2023-12-01,190.3300018310547,191.55999755859375,189.22999572753906,191.24000549316406,188.9365997314453,45704800,AAPL,Yahoo Finance via yfinance
2023-12-04,189.97999572753906,190.0500030517578,187.4499969482422,189.42999267578125,187.1483612060547,43389500,AAPL,Yahoo Finance via yfinance
2023-12-05,190.2100067138672,194.39999389648438,190.17999267578125,193.4199981689453,191.09030151367188,66628400,AAPL,Yahoo Finance via yfinance
2023-12-06,194.4499969482422,194.75999450683594,192.11000061035156,192.32000732421875,190.00355529785156,41089700,AAPL,Yahoo Finance via yfinance
2023-12-07,193.6300048828125,195.0,193.58999633789062,194.27000427246094,191.9300537109375,47477700,AAPL,Yahoo Finance via yfinance
2023-12-08,194.1999969482422,195.99000549316406,193.6699981689453,195.7100067138672,193.35272216796875,53406400,AAPL,Yahoo Finance via yfinance
2023-12-11,193.11000061035156,193.49000549316406,191.4199981689453,193.17999267578125,190.8531951904297,60943700,AAPL,Yahoo Finance via yfinance
2023-12-12,193.0800018310547,194.72000122070312,191.72000122070312,194.7100067138672,192.36480712890625,52696900,AAPL,Yahoo Finance via yfinance
2023-12-13,195.08999633789062,198.0,194.85000610351562,197.9600067138672,195.57565307617188,70404200,AAPL,Yahoo Finance via yfinance
2023-12-14,198.02000427246094,199.6199951171875,196.16000366210938,198.11000061035156,195.72381591796875,66831600,AAPL,Yahoo Finance via yfinance
2023-12-15,197.52999877929688,198.39999389648438,197.0,197.57000732421875,195.19032287597656,128538400,AAPL,Yahoo Finance via yfinance
2023-12-18,196.08999633789062,196.6300048828125,194.38999938964844,195.88999938964844,193.53054809570312,55751900,AAPL,Yahoo Finance via yfinance
2023-12-19,196.16000366210938,196.9499969482422,195.88999938964844,196.94000244140625,194.56788635253906,40714100,AAPL,Yahoo Finance via yfinance
2023-12-20,196.89999389648438,197.67999267578125,194.8300018310547,194.8300018310547,192.4833526611328,52242800,AAPL,Yahoo Finance via yfinance
2023-12-21,196.10000610351562,197.0800018310547,193.5,194.67999267578125,192.3351287841797,46482500,AAPL,Yahoo Finance via yfinance
2023-12-22,195.17999267578125,195.41000366210938,192.97000122070312,193.60000610351562,191.26812744140625,37149600,AAPL,Yahoo Finance via yfinance
2023-12-26,193.61000061035156,193.88999938964844,192.8300018310547,193.0500030517578,190.72476196289062,28919300,AAPL,Yahoo Finance via yfinance
2023-12-27,192.49000549316406,193.5,191.08999633789062,193.14999389648438,190.82354736328125,48087700,AAPL,Yahoo Finance via yfinance
2023-12-28,194.13999938964844,194.66000366210938,193.1699981689453,193.5800018310547,191.2483673095703,34049900,AAPL,Yahoo Finance via yfinance
2023-12-29,193.89999389648438,194.39999389648438,191.72999572753906,192.52999877929688,190.21102905273438,42672100,AAPL,Yahoo Finance via yfinance
2024-01-02,187.14999389648438,188.44000244140625,183.88999938964844,185.63999938964844,183.4040069580078,82488700,AAPL,Yahoo Finance via yfinance
2024-01-03,184.22000122070312,185.8800048828125,183.42999267578125,184.25,182.03077697753906,58414500,AAPL,Yahoo Finance via yfinance
2024-01-04,182.14999389648438,183.08999633789062,180.8800048828125,181.91000366210938,179.7189483642578,71983600,AAPL,Yahoo Finance via yfinance
2024-01-05,181.99000549316406,182.75999450683594,180.1699981689453,181.17999267578125,178.9977264404297,62379700,AAPL,Yahoo Finance via yfinance
2024-01-08,182.08999633789062,185.60000610351562,181.5,185.55999755859375,183.32496643066406,59144500,AAPL,Yahoo Finance via yfinance
2024-01-09,183.9199981689453,185.14999389648438,182.72999572753906,185.13999938964844,182.9100341796875,42841800,AAPL,Yahoo Finance via yfinance
2024-01-10,184.35000610351562,186.39999389648438,183.9199981689453,186.19000244140625,183.94737243652344,46792900,AAPL,Yahoo Finance via yfinance
2024-01-11,186.5399932861328,187.0500030517578,183.6199951171875,185.58999633789062,183.35462951660156,49128400,AAPL,Yahoo Finance via yfinance
2024-01-12,186.05999755859375,186.74000549316406,185.19000244140625,185.9199981689453,183.6806182861328,40477800,AAPL,Yahoo Finance via yfinance
2024-01-16,182.16000366210938,184.25999450683594,180.92999267578125,183.6300048828125,181.418212890625,65603000,AAPL,Yahoo Finance via yfinance
2024-01-17,181.27000427246094,182.92999267578125,180.3000030517578,182.67999267578125,180.4796600341797,47317400,AAPL,Yahoo Finance via yfinance
2024-01-18,186.08999633789062,189.13999938964844,185.8300018310547,188.6300048828125,186.35800170898438,78005800,AAPL,Yahoo Finance via yfinance
2024-01-19,189.3300018310547,191.9499969482422,188.82000732421875,191.55999755859375,189.25270080566406,68903000,AAPL,Yahoo Finance via yfinance
2024-01-22,192.3000030517578,195.3300018310547,192.25999450683594,193.88999938964844,191.5546417236328,60133900,AAPL,Yahoo Finance via yfinance
2024-01-23,195.02000427246094,195.75,193.8300018310547,195.17999267578125,192.82911682128906,42355600,AAPL,Yahoo Finance via yfinance
2024-01-24,195.4199981689453,196.3800048828125,194.33999633789062,194.5,192.15728759765625,53631300,AAPL,Yahoo Finance via yfinance
2024-01-25,195.22000122070312,196.27000427246094,193.11000061035156,194.1699981689453,191.83126831054688,54822100,AAPL,Yahoo Finance via yfinance
2024-01-26,194.27000427246094,194.75999450683594,191.94000244140625,192.4199981689453,190.1023406982422,44594000,AAPL,Yahoo Finance via yfinance
2024-01-29,192.00999450683594,192.1999969482422,189.5800018310547,191.72999572753906,189.42066955566406,47145600,AAPL,Yahoo Finance via yfinance
2024-01-30,190.94000244140625,191.8000030517578,187.47000122070312,188.0399932861328,185.7751007080078,55859400,AAPL,Yahoo Finance via yfinance
2024-01-31,187.0399932861328,187.10000610351562,184.35000610351562,184.39999389648438,182.17893981933594,55467800,AAPL,Yahoo Finance via yfinance
2024-02-01,183.99000549316406,186.9499969482422,183.82000732421875,186.86000061035156,184.60931396484375,64885400,AAPL,Yahoo Finance via yfinance
2024-02-02,179.86000061035156,187.3300018310547,179.25,185.85000610351562,183.6114959716797,102551700,AAPL,Yahoo Finance via yfinance
2024-02-05,188.14999389648438,189.25,185.83999633789062,187.67999267578125,185.41944885253906,69668800,AAPL,Yahoo Finance via yfinance
2024-02-06,186.86000061035156,189.30999755859375,186.77000427246094,189.3000030517578,187.01992797851562,43490800,AAPL,Yahoo Finance via yfinance
2024-02-07,190.63999938964844,191.0500030517578,188.61000061035156,189.41000366210938,187.1285858154297,53439000,AAPL,Yahoo Finance via yfinance
2024-02-08,189.38999938964844,189.5399932861328,187.35000610351562,188.32000732421875,186.05174255371094,40962000,AAPL,Yahoo Finance via yfinance
2024-02-09,188.64999389648438,189.99000549316406,188.0,188.85000610351562,186.81344604492188,45155200,AAPL,Yahoo Finance via yfinance
2024-02-12,188.4199981689453,188.6699981689453,186.7899932861328,187.14999389648438,185.13174438476562,41781900,AAPL,Yahoo Finance via yfinance
2024-02-13,185.77000427246094,186.2100067138672,183.50999450683594,185.0399932861328,183.04449462890625,56529500,AAPL,Yahoo Finance via yfinance
2024-02-14,185.32000732421875,185.52999877929688,182.44000244140625,184.14999389648438,182.1641082763672,54630500,AAPL,Yahoo Finance via yfinance
2024-02-15,183.5500030517578,184.49000549316406,181.35000610351562,183.86000061035156,181.8772430419922,65434500,AAPL,Yahoo Finance via yfinance
2024-02-16,183.4199981689453,184.85000610351562,181.6699981689453,182.30999755859375,180.343994140625,49752500,AAPL,Yahoo Finance via yfinance
2024-02-20,181.7899932861328,182.42999267578125,180.0,181.55999755859375,179.60203552246094,53665600,AAPL,Yahoo Finance via yfinance
2024-02-21,181.94000244140625,182.88999938964844,180.66000366210938,182.32000732421875,180.35386657714844,41371400,AAPL,Yahoo Finance via yfinance
2024-02-22,183.47999572753906,184.9600067138672,182.4600067138672,184.3699951171875,182.38172912597656,52292200,AAPL,Yahoo Finance via yfinance
2024-02-23,185.00999450683594,185.0399932861328,182.22999572753906,182.52000427246094,180.55169677734375,45119700,AAPL,Yahoo Finance via yfinance
2024-02-26,182.24000549316406,182.75999450683594,180.64999389648438,181.16000366210938,179.2063751220703,40867400,AAPL,Yahoo Finance via yfinance
2024-02-27,181.10000610351562,183.9199981689453,179.55999755859375,182.6300048828125,180.66050720214844,54318900,AAPL,Yahoo Finance via yfinance
2024-02-28,182.50999450683594,183.1199951171875,180.1300048828125,181.4199981689453,179.46353149414062,48953900,AAPL,Yahoo Finance via yfinance
2024-02-29,181.27000427246094,182.57000732421875,179.52999877929688,180.75,178.80076599121094,136682600,AAPL,Yahoo Finance via yfinance
2024-03-01,179.5500030517578,180.52999877929688,177.3800048828125,179.66000366210938,177.7225341796875,73563100,AAPL,Yahoo Finance via yfinance
2024-03-04,176.14999389648438,176.89999389648438,173.7899932861328,175.10000610351562,173.21173095703125,81510100,AAPL,Yahoo Finance via yfinance
2024-03-05,170.75999450683594,172.0399932861328,169.6199951171875,170.1199951171875,168.285400390625,95132400,AAPL,Yahoo Finance via yfinance
2024-03-06,171.05999755859375,171.24000549316406,168.67999267578125,169.1199951171875,167.2961883544922,68587700,AAPL,Yahoo Finance via yfinance
2024-03-07,169.14999389648438,170.72999572753906,168.49000549316406,169.0,167.17745971679688,71765100,AAPL,Yahoo Finance via yfinance
2024-03-08,169.0,173.6999969482422,168.94000244140625,170.72999572753906,168.88885498046875,76267000,AAPL,Yahoo Finance via yfinance
2024-03-11,172.94000244140625,174.3800048828125,172.0500030517578,172.75,170.8870391845703,60139500,AAPL,Yahoo Finance via yfinance
2024-03-12,173.14999389648438,174.02999877929688,171.00999450683594,173.22999572753906,171.3618927001953,59825400,AAPL,Yahoo Finance via yfinance
2024-03-13,172.77000427246094,173.19000244140625,170.75999450683594,171.1300048828125,169.2845458984375,52488700,AAPL,Yahoo Finance via yfinance
2024-03-14,172.91000366210938,174.30999755859375,172.0500030517578,173.0,171.1343536376953,72913500,AAPL,Yahoo Finance via yfinance
2024-03-15,171.1699981689453,172.6199951171875,170.2899932861328,172.6199951171875,170.7584228515625,121752700,AAPL,Yahoo Finance via yfinance
2024-03-18,175.57000732421875,177.7100067138672,173.52000427246094,173.72000122070312,171.84657287597656,75604200,AAPL,Yahoo Finance via yfinance
2024-03-19,174.33999633789062,176.61000061035156,173.02999877929688,176.0800018310547,174.18113708496094,55215200,AAPL,Yahoo Finance via yfinance
2024-03-20,175.72000122070312,178.6699981689453,175.08999633789062,178.6699981689453,176.7432098388672,53423100,AAPL,Yahoo Finance via yfinance
2024-03-21,177.0500030517578,177.49000549316406,170.83999633789062,171.3699951171875,169.52195739746094,106181300,AAPL,Yahoo Finance via yfinance
2024-03-22,171.75999450683594,173.0500030517578,170.05999755859375,172.27999877929688,170.422119140625,71160100,AAPL,Yahoo Finance via yfinance
2024-03-25,170.57000732421875,171.94000244140625,169.4499969482422,170.85000610351562,169.00755310058594,54288300,AAPL,Yahoo Finance via yfinance
2024-03-26,170.0,171.4199981689453,169.5800018310547,169.7100067138672,167.87986755371094,57388400,AAPL,Yahoo Finance via yfinance
2024-03-27,170.41000366210938,173.60000610351562,170.11000061035156,173.30999755859375,171.44100952148438,60273300,AAPL,Yahoo Finance via yfinance
2024-03-28,171.75,172.22999572753906,170.50999450683594,171.47999572753906,169.6307373046875,65672700,AAPL,Yahoo Finance via yfinance
2024-04-01,171.19000244140625,171.25,169.47999572753906,170.02999877929688,168.19638061523438,46240500,AAPL,Yahoo Finance via yfinance
2024-04-02,169.0800018310547,169.33999633789062,168.22999572753906,168.83999633789062,167.01922607421875,49329500,AAPL,Yahoo Finance via yfinance
2024-04-03,168.7899932861328,170.67999267578125,168.5800018310547,169.64999389648438,167.8204803466797,47691700,AAPL,Yahoo Finance via yfinance
2024-04-04,170.2899932861328,171.9199981689453,168.82000732421875,168.82000732421875,166.9994354248047,53704400,AAPL,Yahoo Finance via yfinance
2024-04-05,169.58999633789062,170.38999938964844,168.9499969482422,169.5800018310547,167.7512664794922,42104800,AAPL,Yahoo Finance via yfinance
2024-04-08,169.02999877929688,169.1999969482422,168.24000549316406,168.4499969482422,166.63343811035156,37425500,AAPL,Yahoo Finance via yfinance
2024-04-09,168.6999969482422,170.0800018310547,168.35000610351562,169.6699981689453,167.84027099609375,42373800,AAPL,Yahoo Finance via yfinance
2024-04-10,168.8000030517578,169.08999633789062,167.11000061035156,167.77999877929688,165.97067260742188,49709300,AAPL,Yahoo Finance via yfinance
2024-04-11,168.33999633789062,175.4600067138672,168.16000366210938,175.0399932861328,173.15232849121094,91070300,AAPL,Yahoo Finance via yfinance
2024-04-12,174.25999450683594,178.36000061035156,174.2100067138672,176.5500030517578,174.64605712890625,101670900,AAPL,Yahoo Finance via yfinance
2024-04-15,175.36000061035156,176.6300048828125,172.5,172.69000244140625,170.8276824951172,73531800,AAPL,Yahoo Finance via yfinance
2024-04-16,171.75,173.75999450683594,168.27000427246094,169.3800048828125,167.5533905029297,73711200,AAPL,Yahoo Finance via yfinance
2024-04-17,169.61000061035156,170.64999389648438,168.0,168.0,166.18826293945312,50901200,AAPL,Yahoo Finance via yfinance
2024-04-18,168.02999877929688,168.63999938964844,166.5500030517578,167.0399932861328,165.2386016845703,43122900,AAPL,Yahoo Finance via yfinance
2024-04-19,166.2100067138672,166.39999389648438,164.0800018310547,165.0,163.2206268310547,68149400,AAPL,Yahoo Finance via yfinance
2024-04-22,165.52000427246094,167.25999450683594,164.77000427246094,165.83999633789062,164.0515594482422,48116400,AAPL,Yahoo Finance via yfinance
2024-04-23,165.35000610351562,167.0500030517578,164.9199981689453,166.89999389648438,165.10012817382812,49537800,AAPL,Yahoo Finance via yfinance
2024-04-24,166.5399932861328,169.3000030517578,166.2100067138672,169.02000427246094,167.19728088378906,48251800,AAPL,Yahoo Finance via yfinance
2024-04-25,169.52999877929688,170.61000061035156,168.14999389648438,169.88999938964844,168.05789184570312,50558300,AAPL,Yahoo Finance via yfinance
2024-04-26,169.8800048828125,171.33999633789062,169.17999267578125,169.3000030517578,167.4742431640625,44838400,AAPL,Yahoo Finance via yfinance
2024-04-29,173.3699951171875,176.02999877929688,173.10000610351562,173.5,171.6289825439453,68169400,AAPL,Yahoo Finance via yfinance
2024-04-30,173.3300018310547,174.99000549316406,170.0,170.3300018310547,168.4931640625,65934800,AAPL,Yahoo Finance via yfinance
2024-05-01,169.5800018310547,172.7100067138672,169.11000061035156,169.3000030517578,167.4742431640625,50383100,AAPL,Yahoo Finance via yfinance
2024-05-02,172.50999450683594,173.4199981689453,170.88999938964844,173.02999877929688,171.16404724121094,94214900,AAPL,Yahoo Finance via yfinance
2024-05-03,186.64999389648438,187.0,182.66000366210938,183.3800048828125,181.40240478515625,163224100,AAPL,Yahoo Finance via yfinance
2024-05-06,182.35000610351562,184.1999969482422,180.4199981689453,181.7100067138672,179.75042724609375,78569700,AAPL,Yahoo Finance via yfinance
2024-05-07,183.4499969482422,184.89999389648438,181.32000732421875,182.39999389648438,180.4329833984375,77305800,AAPL,Yahoo Finance via yfinance
2024-05-08,182.85000610351562,183.07000732421875,181.4499969482422,182.74000549316406,180.76931762695312,45057100,AAPL,Yahoo Finance via yfinance
2024-05-09,182.55999755859375,184.66000366210938,182.11000061035156,184.57000732421875,182.57958984375,48983000,AAPL,Yahoo Finance via yfinance
2024-05-10,184.89999389648438,185.08999633789062,182.1300048828125,183.0500030517578,181.32156372070312,50759500,AAPL,Yahoo Finance via yfinance
2024-05-13,185.44000244140625,187.10000610351562,184.6199951171875,186.27999877929688,184.5210723876953,72044800,AAPL,Yahoo Finance via yfinance
2024-05-14,187.50999450683594,188.3000030517578,186.2899932861328,187.42999267578125,185.66021728515625,52393600,AAPL,Yahoo Finance via yfinance
2024-05-15,187.91000366210938,190.64999389648438,187.3699951171875,189.72000122070312,187.92860412597656,70400000,AAPL,Yahoo Finance via yfinance
2024-05-16,190.47000122070312,191.10000610351562,189.66000366210938,189.83999633789062,188.0474395751953,52845200,AAPL,Yahoo Finance via yfinance
2024-05-17,189.50999450683594,190.80999755859375,189.17999267578125,189.8699951171875,188.07717895507812,41282900,AAPL,Yahoo Finance via yfinance
2024-05-20,189.3300018310547,191.9199981689453,189.00999450683594,191.0399932861328,189.2361297607422,44361300,AAPL,Yahoo Finance via yfinance
2024-05-21,191.08999633789062,192.72999572753906,190.9199981689453,192.35000610351562,190.5337677001953,42309400,AAPL,Yahoo Finance via yfinance
2024-05-22,192.27000427246094,192.82000732421875,190.27000427246094,190.89999389648438,189.0974578857422,34648500,AAPL,Yahoo Finance via yfinance
2024-05-23,190.97999572753906,191.0,186.6300048828125,186.8800048828125,185.1154327392578,51005900,AAPL,Yahoo Finance via yfinance
2024-05-24,188.82000732421875,190.5800018310547,188.0399932861328,189.97999572753906,188.18612670898438,36327000,AAPL,Yahoo Finance via yfinance
2024-05-28,191.50999450683594,193.0,189.10000610351562,189.99000549316406,188.19606018066406,52280100,AAPL,Yahoo Finance via yfinance
2024-05-29,189.61000061035156,192.25,189.50999450683594,190.2899932861328,188.49322509765625,53068000,AAPL,Yahoo Finance via yfinance
2024-05-30,190.75999450683594,192.17999267578125,190.6300048828125,191.2899932861328,189.4837646484375,49889100,AAPL,Yahoo Finance via yfinance
2024-05-31,191.44000244140625,192.57000732421875,189.91000366210938,192.25,190.43470764160156,75158300,AAPL,Yahoo Finance via yfinance
2024-06-03,192.89999389648438,194.99000549316406,192.52000427246094,194.02999877929688,192.19790649414062,50080500,AAPL,Yahoo Finance via yfinance
2024-06-04,194.63999938964844,195.32000732421875,193.02999877929688,194.35000610351562,192.514892578125,47471400,AAPL,Yahoo Finance via yfinance
2024-06-05,195.39999389648438,196.89999389648438,194.8699951171875,195.8699951171875,194.02052307128906,54156800,AAPL,Yahoo Finance via yfinance
2024-06-06,195.69000244140625,196.5,194.1699981689453,194.47999572753906,192.64366149902344,41181800,AAPL,Yahoo Finance via yfinance
2024-06-07,194.64999389648438,196.94000244140625,194.13999938964844,196.88999938964844,195.0308837890625,53103900,AAPL,Yahoo Finance via yfinance
2024-06-10,196.89999389648438,197.3000030517578,192.14999389648438,193.1199951171875,191.29649353027344,97010200,AAPL,Yahoo Finance via yfinance
2024-06-11,193.64999389648438,207.16000366210938,193.6300048828125,207.14999389648438,205.19403076171875,172373300,AAPL,Yahoo Finance via yfinance
2024-06-12,207.3699951171875,220.1999969482422,206.89999389648438,213.07000732421875,211.0581512451172,198134300,AAPL,Yahoo Finance via yfinance
2024-06-13,214.74000549316406,216.75,211.60000610351562,214.24000549316406,212.21707153320312,97862700,AAPL,Yahoo Finance via yfinance
2024-06-14,213.85000610351562,215.1699981689453,211.3000030517578,212.49000549316406,210.4835968017578,70122700,AAPL,Yahoo Finance via yfinance
2024-06-17,213.3699951171875,218.9499969482422,212.72000122070312,216.6699981689453,214.62413024902344,93728300,AAPL,Yahoo Finance via yfinance
2024-06-18,217.58999633789062,218.6300048828125,213.0,214.2899932861328,212.26658630371094,79943300,AAPL,Yahoo Finance via yfinance
2024-06-20,213.92999267578125,214.24000549316406,208.85000610351562,209.67999267578125,207.7001190185547,86172500,AAPL,Yahoo Finance via yfinance
2024-06-21,210.38999938964844,211.88999938964844,207.11000061035156,207.49000549316406,205.5308074951172,241805100,AAPL,Yahoo Finance via yfinance
2024-06-24,207.72000122070312,212.6999969482422,206.58999633789062,208.13999938964844,206.17466735839844,80727000,AAPL,Yahoo Finance via yfinance
2024-06-25,209.14999389648438,211.3800048828125,208.61000061035156,209.07000732421875,207.0958709716797,55549700,AAPL,Yahoo Finance via yfinance
2024-06-26,211.5,214.86000061035156,210.63999938964844,213.25,211.23641967773438,66213200,AAPL,Yahoo Finance via yfinance
2024-06-27,214.69000244140625,215.74000549316406,212.35000610351562,214.10000610351562,212.07839965820312,49772700,AAPL,Yahoo Finance via yfinance
2024-06-28,215.77000427246094,216.07000732421875,210.3000030517578,210.6199951171875,208.63124084472656,82542700,AAPL,Yahoo Finance via yfinance
2024-07-01,212.08999633789062,217.50999450683594,211.9199981689453,216.75,214.703369140625,60402900,AAPL,Yahoo Finance via yfinance
2024-07-02,216.14999389648438,220.3800048828125,215.10000610351562,220.27000427246094,218.19015502929688,58046200,AAPL,Yahoo Finance via yfinance
2024-07-03,220.0,221.5500030517578,219.02999877929688,221.5500030517578,219.4580841064453,37369800,AAPL,Yahoo Finance via yfinance
2024-07-05,221.64999389648438,226.4499969482422,221.64999389648438,226.33999633789062,224.2028045654297,60412400,AAPL,Yahoo Finance via yfinance
2024-07-08,227.08999633789062,227.85000610351562,223.25,227.82000732421875,225.66880798339844,59085900,AAPL,Yahoo Finance via yfinance
2024-07-09,227.92999267578125,229.39999389648438,226.3699951171875,228.67999267578125,226.52072143554688,48076100,AAPL,Yahoo Finance via yfinance
2024-07-10,229.3000030517578,233.0800018310547,229.25,232.97999572753906,230.7801055908203,62627700,AAPL,Yahoo Finance via yfinance
2024-07-11,231.38999938964844,232.38999938964844,225.77000427246094,227.57000732421875,225.42120361328125,64710600,AAPL,Yahoo Finance via yfinance
2024-07-12,228.9199981689453,232.63999938964844,228.67999267578125,230.5399932861328,228.3631591796875,53046500,AAPL,Yahoo Finance via yfinance
2024-07-15,236.47999572753906,237.22999572753906,233.08999633789062,234.39999389648438,232.18670654296875,62631300,AAPL,Yahoo Finance via yfinance
2024-07-16,235.0,236.27000427246094,232.3300018310547,234.82000732421875,232.60275268554688,43234300,AAPL,Yahoo Finance via yfinance
2024-07-17,229.4499969482422,231.4600067138672,226.63999938964844,228.8800048828125,226.71885681152344,57345900,AAPL,Yahoo Finance via yfinance
2024-07-18,230.27999877929688,230.44000244140625,222.27000427246094,224.17999267578125,222.06321716308594,66034600,AAPL,Yahoo Finance via yfinance
2024-07-19,224.82000732421875,226.8000030517578,223.27999877929688,224.30999755859375,222.1920166015625,49151500,AAPL,Yahoo Finance via yfinance
2024-07-22,227.00999450683594,227.77999877929688,223.08999633789062,223.9600067138672,221.8452911376953,48201800,AAPL,Yahoo Finance via yfinance
2024-07-23,224.3699951171875,226.94000244140625,222.67999267578125,225.00999450683594,222.88539123535156,39960300,AAPL,Yahoo Finance via yfinance
2024-07-24,224.0,224.8000030517578,217.1300048828125,218.5399932861328,216.47645568847656,61777600,AAPL,Yahoo Finance via yfinance
2024-07-25,218.92999267578125,220.85000610351562,214.6199951171875,217.49000549316406,215.4364013671875,51391200,AAPL,Yahoo Finance via yfinance
2024-07-26,218.6999969482422,219.49000549316406,216.00999450683594,217.9600067138672,215.90194702148438,41601300,AAPL,Yahoo Finance via yfinance
2024-07-29,216.9600067138672,219.3000030517578,215.75,218.24000549316406,216.17929077148438,36311800,AAPL,Yahoo Finance via yfinance
2024-07-30,219.19000244140625,220.3300018310547,216.1199951171875,218.8000030517578,216.7340087890625,41643800,AAPL,Yahoo Finance via yfinance
2024-07-31,221.44000244140625,223.82000732421875,220.6300048828125,222.0800018310547,219.98304748535156,50036300,AAPL,Yahoo Finance via yfinance
2024-08-01,224.3699951171875,224.47999572753906,217.02000427246094,218.36000061035156,216.29818725585938,62501000,AAPL,Yahoo Finance via yfinance
2024-08-02,219.14999389648438,225.60000610351562,217.7100067138672,219.86000061035156,217.7840118408203,105568600,AAPL,Yahoo Finance via yfinance
2024-08-05,199.08999633789062,213.5,196.0,209.27000427246094,207.2939910888672,119548600,AAPL,Yahoo Finance via yfinance
2024-08-06,205.3000030517578,209.99000549316406,201.07000732421875,207.22999572753906,205.2732696533203,69660500,AAPL,Yahoo Finance via yfinance
2024-08-07,206.89999389648438,213.63999938964844,206.38999938964844,209.82000732421875,207.8388214111328,63516400,AAPL,Yahoo Finance via yfinance
2024-08-08,213.11000061035156,214.1999969482422,208.8300018310547,213.30999755859375,211.2958221435547,47161100,AAPL,Yahoo Finance via yfinance
2024-08-09,212.10000610351562,216.77999877929688,211.97000122070312,216.24000549316406,214.1981964111328,42201600,AAPL,Yahoo Finance via yfinance
2024-08-12,216.07000732421875,219.50999450683594,215.60000610351562,217.52999877929688,215.7253875732422,38028100,AAPL,Yahoo Finance via yfinance
2024-08-13,219.00999450683594,221.88999938964844,219.00999450683594,221.27000427246094,219.4344024658203,44155300,AAPL,Yahoo Finance via yfinance
2024-08-14,220.57000732421875,223.02999877929688,219.6999969482422,221.72000122070312,219.88063049316406,41960600,AAPL,Yahoo Finance via yfinance
2024-08-15,224.60000610351562,225.35000610351562,222.75999450683594,224.72000122070312,222.85574340820312,46414000,AAPL,Yahoo Finance via yfinance
2024-08-16,223.9199981689453,226.8300018310547,223.64999389648438,226.0500030517578,224.17474365234375,44340200,AAPL,Yahoo Finance via yfinance
2024-08-19,225.72000122070312,225.99000549316406,223.0399932861328,225.88999938964844,224.01608276367188,40687800,AAPL,Yahoo Finance via yfinance
2024-08-20,225.77000427246094,227.1699981689453,225.4499969482422,226.50999450683594,224.6309051513672,30299000,AAPL,Yahoo Finance via yfinance
2024-08-21,226.52000427246094,227.97999572753906,225.0500030517578,226.39999389648438,224.5218048095703,34765500,AAPL,Yahoo Finance via yfinance
2024-08-22,227.7899932861328,228.33999633789062,223.89999389648438,224.52999877929688,222.66734313964844,43695300,AAPL,Yahoo Finance via yfinance
2024-08-23,225.66000366210938,228.22000122070312,224.3300018310547,226.83999633789062,224.95819091796875,38677300,AAPL,Yahoo Finance via yfinance
2024-08-26,226.75999450683594,227.27999877929688,223.88999938964844,227.17999267578125,225.29534912109375,30602200,AAPL,Yahoo Finance via yfinance
2024-08-27,226.0,228.85000610351562,224.88999938964844,228.02999877929688,226.13832092285156,35934600,AAPL,Yahoo Finance via yfinance
2024-08-28,227.9199981689453,229.86000061035156,225.67999267578125,226.49000549316406,224.61109924316406,38052200,AAPL,Yahoo Finance via yfinance
2024-08-29,230.10000610351562,232.9199981689453,228.8800048828125,229.7899932861328,227.8837127685547,51906300,AAPL,Yahoo Finance via yfinance
2024-08-30,230.19000244140625,230.39999389648438,227.47999572753906,229.0,227.1002655029297,52990800,AAPL,Yahoo Finance via yfinance
2024-09-03,228.5500030517578,229.0,221.1699981689453,222.77000427246094,220.92193603515625,50190600,AAPL,Yahoo Finance via yfinance
2024-09-04,221.66000366210938,221.77999877929688,217.47999572753906,220.85000610351562,219.01788330078125,43840200,AAPL,Yahoo Finance via yfinance
2024-09-05,221.6300048828125,225.47999572753906,221.52000427246094,222.3800048828125,220.53518676757812,36615400,AAPL,Yahoo Finance via yfinance
2024-09-06,223.9499969482422,225.24000549316406,219.77000427246094,220.82000732421875,218.98814392089844,48423000,AAPL,Yahoo Finance via yfinance
2024-09-09,220.82000732421875,221.27000427246094,216.7100067138672,220.91000366210938,219.07736206054688,67180000,AAPL,Yahoo Finance via yfinance
2024-09-10,218.9199981689453,221.47999572753906,216.72999572753906,220.11000061035156,218.28402709960938,51591000,AAPL,Yahoo Finance via yfinance
2024-09-11,221.4600067138672,223.08999633789062,217.88999938964844,222.66000366210938,220.81285095214844,44587100,AAPL,Yahoo Finance via yfinance
2024-09-12,222.5,223.5500030517578,219.82000732421875,222.77000427246094,220.92193603515625,37455600,AAPL,Yahoo Finance via yfinance
2024-09-13,223.5800018310547,224.0399932861328,221.91000366210938,222.5,220.65415954589844,36766600,AAPL,Yahoo Finance via yfinance
2024-09-16,216.5399932861328,217.22000122070312,213.9199981689453,216.32000732421875,214.5254669189453,59357400,AAPL,Yahoo Finance via yfinance
2024-09-17,215.75,216.89999389648438,214.5,216.7899932861328,214.9915313720703,45519300,AAPL,Yahoo Finance via yfinance
2024-09-18,217.5500030517578,222.7100067138672,217.5399932861328,220.69000244140625,218.85919189453125,59894900,AAPL,Yahoo Finance via yfinance
2024-09-19,224.99000549316406,229.82000732421875,224.6300048828125,228.8699951171875,226.9713134765625,66781300,AAPL,Yahoo Finance via yfinance
2024-09-20,229.97000122070312,233.08999633789062,227.6199951171875,228.1999969482422,226.306884765625,318679900,AAPL,Yahoo Finance via yfinance
2024-09-23,227.33999633789062,229.4499969482422,225.80999755859375,226.47000122070312,224.59124755859375,54146000,AAPL,Yahoo Finance via yfinance
2024-09-24,228.64999389648438,229.35000610351562,225.72999572753906,227.3699951171875,225.48379516601562,43556100,AAPL,Yahoo Finance via yfinance
2024-09-25,224.92999267578125,227.2899932861328,224.02000427246094,226.3699951171875,224.4920654296875,42308700,AAPL,Yahoo Finance via yfinance
2024-09-26,227.3000030517578,228.5,225.41000366210938,227.52000427246094,225.63255310058594,36636700,AAPL,Yahoo Finance via yfinance
2024-09-27,228.4600067138672,229.52000427246094,227.3000030517578,227.7899932861328,225.90028381347656,34026000,AAPL,Yahoo Finance via yfinance
2024-09-30,230.0399932861328,233.0,229.64999389648438,233.0,231.06707763671875,54541900,AAPL,Yahoo Finance via yfinance
2024-10-01,229.52000427246094,229.64999389648438,223.74000549316406,226.2100067138672,224.3334197998047,63285000,AAPL,Yahoo Finance via yfinance
2024-10-02,225.88999938964844,227.3699951171875,223.02000427246094,226.77999877929688,224.898681640625,32880600,AAPL,Yahoo Finance via yfinance
2024-10-03,225.13999938964844,226.80999755859375,223.32000732421875,225.6699981689453,223.79788208007812,34044200,AAPL,Yahoo Finance via yfinance
2024-10-04,227.89999389648438,228.0,224.1300048828125,226.8000030517578,224.91851806640625,37245100,AAPL,Yahoo Finance via yfinance
2024-10-07,224.5,225.69000244140625,221.3300018310547,221.69000244140625,219.8509063720703,39505400,AAPL,Yahoo Finance via yfinance
2024-10-08,224.3000030517578,225.97999572753906,223.25,225.77000427246094,223.8970489501953,31855700,AAPL,Yahoo Finance via yfinance
2024-10-09,225.22999572753906,229.75,224.8300018310547,229.5399932861328,227.6357879638672,33591100,AAPL,Yahoo Finance via yfinance
2024-10-10,227.77999877929688,229.5,227.1699981689453,229.0399932861328,227.13992309570312,28183500,AAPL,Yahoo Finance via yfinance
2024-10-11,229.3000030517578,229.41000366210938,227.33999633789062,227.5500030517578,225.6622772216797,31759200,AAPL,Yahoo Finance via yfinance
2024-10-14,228.6999969482422,231.72999572753906,228.60000610351562,231.3000030517578,229.3811798095703,39882100,AAPL,Yahoo Finance via yfinance
2024-10-15,233.61000061035156,237.49000549316406,232.3699951171875,233.85000610351562,231.9100341796875,64751400,AAPL,Yahoo Finance via yfinance
2024-10-16,231.60000610351562,232.1199951171875,229.83999633789062,231.77999877929688,229.85719299316406,34082200,AAPL,Yahoo Finance via yfinance
2024-10-17,233.42999267578125,233.85000610351562,230.52000427246094,232.14999389648438,230.22410583496094,32993800,AAPL,Yahoo Finance via yfinance
2024-10-18,236.17999267578125,236.17999267578125,234.00999450683594,235.0,233.05047607421875,46431500,AAPL,Yahoo Finance via yfinance
2024-10-21,234.4499969482422,236.85000610351562,234.4499969482422,236.47999572753906,234.51820373535156,36254500,AAPL,Yahoo Finance via yfinance
2024-10-22,233.88999938964844,236.22000122070312,232.60000610351562,235.86000061035156,233.9033660888672,38846600,AAPL,Yahoo Finance via yfinance
2024-10-23,234.0800018310547,235.13999938964844,227.75999450683594,230.75999450683594,228.84564208984375,52287000,AAPL,Yahoo Finance via yfinance
2024-10-24,229.97999572753906,230.82000732421875,228.41000366210938,230.57000732421875,228.65724182128906,31109500,AAPL,Yahoo Finance via yfinance
2024-10-25,229.74000549316406,233.22000122070312,229.57000732421875,231.41000366210938,229.4902801513672,38802300,AAPL,Yahoo Finance via yfinance
2024-10-28,233.32000732421875,234.72999572753906,232.5500030517578,233.39999389648438,231.46376037597656,36087100,AAPL,Yahoo Finance via yfinance
2024-10-29,233.10000610351562,234.3300018310547,232.32000732421875,233.6699981689453,231.73153686523438,35417200,AAPL,Yahoo Finance via yfinance
2024-10-30,232.61000061035156,233.47000122070312,229.5500030517578,230.10000610351562,228.19114685058594,47070900,AAPL,Yahoo Finance via yfinance
2024-10-31,229.33999633789062,229.8300018310547,225.3699951171875,225.91000366210938,224.035888671875,64370100,AAPL,Yahoo Finance via yfinance
2024-11-01,220.97000122070312,225.35000610351562,220.27000427246094,222.91000366210938,221.06077575683594,65276700,AAPL,Yahoo Finance via yfinance
2024-11-04,220.99000549316406,222.7899932861328,219.7100067138672,222.00999450683594,220.16824340820312,44944500,AAPL,Yahoo Finance via yfinance
2024-11-05,221.8000030517578,223.9499969482422,221.13999938964844,223.4499969482422,221.59628295898438,28111300,AAPL,Yahoo Finance via yfinance
2024-11-06,222.61000061035156,226.07000732421875,221.19000244140625,222.72000122070312,220.8723602294922,54561100,AAPL,Yahoo Finance via yfinance
2024-11-07,224.6300048828125,227.8800048828125,224.57000732421875,227.47999572753906,225.5928497314453,42137700,AAPL,Yahoo Finance via yfinance
2024-11-08,227.1699981689453,228.66000366210938,226.41000366210938,226.9600067138672,225.32481384277344,38328800,AAPL,Yahoo Finance via yfinance
2024-11-11,225.0,225.6999969482422,221.5,224.22999572753906,222.61447143554688,42005600,AAPL,Yahoo Finance via yfinance
2024-11-12,224.5500030517578,225.58999633789062,223.36000061035156,224.22999572753906,222.61447143554688,40398300,AAPL,Yahoo Finance via yfinance
2024-11-13,224.00999450683594,226.64999389648438,222.75999450683594,225.1199951171875,223.49806213378906,48566200,AAPL,Yahoo Finance via yfinance
2024-11-14,225.02000427246094,228.8699951171875,225.0,228.22000122070312,226.57574462890625,44923900,AAPL,Yahoo Finance via yfinance
2024-11-15,226.39999389648438,226.9199981689453,224.27000427246094,225.0,223.37893676757812,47923700,AAPL,Yahoo Finance via yfinance
2024-11-18,225.25,229.74000549316406,225.1699981689453,228.02000427246094,226.377197265625,44633700,AAPL,Yahoo Finance via yfinance
2024-11-19,226.97999572753906,230.16000366210938,226.66000366210938,228.27999877929688,226.63528442382812,36211800,AAPL,Yahoo Finance via yfinance
2024-11-20,228.05999755859375,229.92999267578125,225.88999938964844,229.0,227.35011291503906,35169600,AAPL,Yahoo Finance via yfinance
2024-11-21,228.8800048828125,230.16000366210938,225.7100067138672,228.52000427246094,226.8735809326172,42108300,AAPL,Yahoo Finance via yfinance
2024-11-22,228.05999755859375,230.72000122070312,228.05999755859375,229.8699951171875,228.21383666992188,38168300,AAPL,Yahoo Finance via yfinance
2024-11-25,231.4600067138672,233.25,229.74000549316406,232.8699951171875,231.19224548339844,90152800,AAPL,Yahoo Finance via yfinance
2024-11-26,233.3300018310547,235.57000732421875,233.3300018310547,235.05999755859375,233.366455078125,45986200,AAPL,Yahoo Finance via yfinance
2024-11-27,234.47000122070312,235.69000244140625,233.80999755859375,234.92999267578125,233.2373809814453,33498400,AAPL,Yahoo Finance via yfinance
2024-11-29,234.80999755859375,237.80999755859375,233.97000122070312,237.3300018310547,235.6201171875,28481400,AAPL,Yahoo Finance via yfinance
2024-12-02,237.27000427246094,240.7899932861328,237.16000366210938,239.58999633789062,237.8638153076172,48137100,AAPL,Yahoo Finance via yfinance
2024-12-03,239.80999755859375,242.75999450683594,238.89999389648438,242.64999389648438,240.9017791748047,38861000,AAPL,Yahoo Finance via yfinance
2024-12-04,242.8699951171875,244.11000061035156,241.25,243.00999450683594,241.25917053222656,44383900,AAPL,Yahoo Finance via yfinance
2024-12-05,243.99000549316406,244.5399932861328,242.1300048828125,243.0399932861328,241.2889404296875,40033900,AAPL,Yahoo Finance via yfinance
2024-12-06,242.91000366210938,244.6300048828125,242.0800018310547,242.83999633789062,241.09039306640625,36870600,AAPL,Yahoo Finance via yfinance
2024-12-09,241.8300018310547,247.24000549316406,241.75,246.75,244.97222900390625,44649200,AAPL,Yahoo Finance via yfinance
2024-12-10,246.88999938964844,248.2100067138672,245.33999633789062,247.77000427246094,245.98489379882812,36914800,AAPL,Yahoo Finance via yfinance
2024-12-11,247.9600067138672,250.8000030517578,246.25999450683594,246.49000549316406,244.71412658691406,45205800,AAPL,Yahoo Finance via yfinance
2024-12-12,246.88999938964844,248.74000549316406,245.67999267578125,247.9600067138672,246.1735382080078,32777500,AAPL,Yahoo Finance via yfinance
2024-12-13,247.82000732421875,249.2899932861328,246.24000549316406,248.1300048828125,246.34228515625,33155300,AAPL,Yahoo Finance via yfinance
2024-12-16,247.99000549316406,251.3800048828125,247.64999389648438,251.0399932861328,249.2313232421875,51694800,AAPL,Yahoo Finance via yfinance
2024-12-17,250.0800018310547,253.8300018310547,249.77999877929688,253.47999572753906,251.6537322998047,51356400,AAPL,Yahoo Finance via yfinance
2024-12-18,252.16000366210938,254.27999877929688,247.74000549316406,248.0500030517578,246.26287841796875,56774100,AAPL,Yahoo Finance via yfinance
2024-12-19,247.5,252.0,247.08999633789062,249.7899932861328,247.99032592773438,60882300,AAPL,Yahoo Finance via yfinance
2024-12-20,248.0399932861328,255.0,245.69000244140625,254.49000549316406,252.656494140625,147495300,AAPL,Yahoo Finance via yfinance
2024-12-23,254.77000427246094,255.64999389648438,253.4499969482422,255.27000427246094,253.4308624267578,40858800,AAPL,Yahoo Finance via yfinance
2024-12-24,255.49000549316406,258.2099914550781,255.2899932861328,258.20001220703125,256.33978271484375,23234700,AAPL,Yahoo Finance via yfinance
2024-12-26,258.19000244140625,260.1000061035156,257.6300048828125,259.0199890136719,257.1537780761719,27237100,AAPL,Yahoo Finance via yfinance
2024-12-27,257.8299865722656,258.70001220703125,253.05999755859375,255.58999633789062,253.74855041503906,42355300,AAPL,Yahoo Finance via yfinance
2024-12-30,252.22999572753906,253.5,250.75,252.1999969482422,250.38294982910156,35557500,AAPL,Yahoo Finance via yfinance
2024-12-31,252.44000244140625,253.27999877929688,249.42999267578125,250.4199981689453,248.61578369140625,39480700,AAPL,Yahoo Finance via yfinance
2025-01-02,248.92999267578125,249.10000610351562,241.82000732421875,243.85000610351562,242.0931396484375,55740700,AAPL,Yahoo Finance via yfinance
2025-01-03,243.36000061035156,244.17999267578125,241.88999938964844,243.36000061035156,241.6066436767578,40244100,AAPL,Yahoo Finance via yfinance
2025-01-06,244.30999755859375,247.3300018310547,243.1999969482422,245.0,243.2348175048828,45045600,AAPL,Yahoo Finance via yfinance
2025-01-07,242.97999572753906,245.5500030517578,241.35000610351562,242.2100067138672,240.46493530273438,40856000,AAPL,Yahoo Finance via yfinance
2025-01-08,241.9199981689453,243.7100067138672,240.0500030517578,242.6999969482422,240.95140075683594,37628900,AAPL,Yahoo Finance via yfinance
2025-01-10,240.00999450683594,240.16000366210938,233.0,236.85000610351562,235.14358520507812,61710900,AAPL,Yahoo Finance via yfinance
2025-01-13,233.52999877929688,234.6699981689453,229.72000122070312,234.39999389648438,232.71121215820312,49630700,AAPL,Yahoo Finance via yfinance
2025-01-14,234.75,236.1199951171875,232.47000122070312,233.27999877929688,231.5992889404297,39435300,AAPL,Yahoo Finance via yfinance
2025-01-15,234.63999938964844,238.9600067138672,234.42999267578125,237.8699951171875,236.15621948242188,39832000,AAPL,Yahoo Finance via yfinance
2025-01-16,237.35000610351562,238.00999450683594,228.02999877929688,228.25999450683594,226.615478515625,71759100,AAPL,Yahoo Finance via yfinance
2025-01-17,232.1199951171875,232.2899932861328,228.47999572753906,229.97999572753906,228.32305908203125,68488300,AAPL,Yahoo Finance via yfinance
2025-01-21,224.0,224.4199981689453,219.3800048828125,222.63999938964844,221.0359344482422,98070400,AAPL,Yahoo Finance via yfinance
2025-01-22,219.7899932861328,224.1199951171875,219.7899932861328,223.8300018310547,222.21737670898438,64126500,AAPL,Yahoo Finance via yfinance
2025-01-23,224.74000549316406,227.02999877929688,222.3000030517578,223.66000366210938,222.048583984375,60234800,AAPL,Yahoo Finance via yfinance
2025-01-24,224.77999877929688,225.6300048828125,221.41000366210938,222.77999877929688,221.17491149902344,54697900,AAPL,Yahoo Finance via yfinance
2025-01-27,224.02000427246094,232.14999389648438,223.97999572753906,229.86000061035156,228.20391845703125,94863400,AAPL,Yahoo Finance via yfinance
2025-01-28,230.85000610351562,240.19000244140625,230.80999755859375,238.25999450683594,236.5434112548828,75707600,AAPL,Yahoo Finance via yfinance
2025-01-29,234.1199951171875,239.86000061035156,234.00999450683594,239.36000061035156,237.63548278808594,45486100,AAPL,Yahoo Finance via yfinance
2025-01-30,238.6699981689453,240.7899932861328,237.2100067138672,237.58999633789062,235.8782196044922,55658300,AAPL,Yahoo Finance via yfinance
2025-01-31,247.19000244140625,247.19000244140625,233.44000244140625,236.0,234.2996826171875,100959800,AAPL,Yahoo Finance via yfinance
2025-02-03,229.99000549316406,231.8300018310547,225.6999969482422,228.00999450683594,226.3672332763672,73063300,AAPL,Yahoo Finance via yfinance
2025-02-04,227.25,233.1300048828125,226.64999389648438,232.8000030517578,231.1227264404297,45067300,AAPL,Yahoo Finance via yfinance
2025-02-05,228.52999877929688,232.6699981689453,228.27000427246094,232.47000122070312,230.7951202392578,39620300,AAPL,Yahoo Finance via yfinance
2025-02-06,231.2899932861328,233.8000030517578,230.42999267578125,233.22000122070312,231.5397186279297,29925300,AAPL,Yahoo Finance via yfinance
2025-02-07,232.60000610351562,234.0,227.25999450683594,227.6300048828125,225.989990234375,39707200,AAPL,Yahoo Finance via yfinance
2025-02-10,229.57000732421875,230.58999633789062,227.1999969482422,227.64999389648438,226.25833129882812,33115600,AAPL,Yahoo Finance via yfinance
2025-02-11,228.1999969482422,235.22999572753906,228.1300048828125,232.6199951171875,231.19793701171875,53718400,AAPL,Yahoo Finance via yfinance
2025-02-12,231.1999969482422,236.9600067138672,230.67999267578125,236.8699951171875,235.42196655273438,45243300,AAPL,Yahoo Finance via yfinance
2025-02-13,236.91000366210938,242.33999633789062,235.57000732421875,241.52999877929688,240.05349731445312,53614100,AAPL,Yahoo Finance via yfinance
2025-02-14,241.25,245.5500030517578,240.99000549316406,244.60000610351562,243.10470581054688,40896200,AAPL,Yahoo Finance via yfinance
2025-02-18,244.14999389648438,245.17999267578125,241.83999633789062,244.47000122070312,242.97552490234375,48822500,AAPL,Yahoo Finance via yfinance
2025-02-19,244.66000366210938,246.00999450683594,243.16000366210938,244.8699951171875,243.37306213378906,32204200,AAPL,Yahoo Finance via yfinance
2025-02-20,244.94000244140625,246.77999877929688,244.2899932861328,245.8300018310547,244.3271942138672,32316900,AAPL,Yahoo Finance via yfinance
2025-02-21,245.9499969482422,248.69000244140625,245.22000122070312,245.5500030517578,244.04888916015625,53197400,AAPL,Yahoo Finance via yfinance
2025-02-24,244.92999267578125,248.86000061035156,244.4199981689453,247.10000610351562,245.5894317626953,51326400,AAPL,Yahoo Finance via yfinance
2025-02-25,248.0,250.0,244.91000366210938,247.0399932861328,245.52980041503906,48013300,AAPL,Yahoo Finance via yfinance
2025-02-26,244.3300018310547,244.97999572753906,239.1300048828125,240.36000061035156,238.89064025878906,44433600,AAPL,Yahoo Finance via yfinance
2025-02-27,239.41000366210938,242.4600067138672,237.05999755859375,237.3000030517578,235.84934997558594,41153600,AAPL,Yahoo Finance via yfinance
2025-02-28,236.9499969482422,242.08999633789062,230.1999969482422,241.83999633789062,240.36158752441406,56833400,AAPL,Yahoo Finance via yfinance
2025-03-03,241.7899932861328,244.02999877929688,236.11000061035156,238.02999877929688,236.5749053955078,47184000,AAPL,Yahoo Finance via yfinance
2025-03-04,237.7100067138672,240.07000732421875,234.67999267578125,235.92999267578125,234.4877166748047,53798100,AAPL,Yahoo Finance via yfinance
2025-03-05,235.4199981689453,236.5500030517578,229.22999572753906,235.74000549316406,234.29888916015625,47227600,AAPL,Yahoo Finance via yfinance
2025-03-06,234.44000244140625,237.86000061035156,233.16000366210938,235.3300018310547,233.89138793945312,45170400,AAPL,Yahoo Finance via yfinance
2025-03-07,235.11000061035156,241.3699951171875,234.75999450683594,239.07000732421875,237.6085205078125,46273600,AAPL,Yahoo Finance via yfinance
2025-03-10,235.5399932861328,236.16000366210938,224.22000122070312,227.47999572753906,226.08937072753906,72071200,AAPL,Yahoo Finance via yfinance
2025-03-11,223.80999755859375,225.83999633789062,217.4499969482422,220.83999633789062,219.48995971679688,76137400,AAPL,Yahoo Finance via yfinance
2025-03-12,220.13999938964844,221.75,214.91000366210938,216.97999572753906,215.65357971191406,62547500,AAPL,Yahoo Finance via yfinance
2025-03-13,215.9499969482422,216.83999633789062,208.4199981689453,209.67999267578125,208.398193359375,61368300,AAPL,Yahoo Finance via yfinance
2025-03-14,211.25,213.9499969482422,209.5800018310547,213.49000549316406,212.1848907470703,60107600,AAPL,Yahoo Finance via yfinance
2025-03-17,213.30999755859375,215.22000122070312,209.97000122070312,214.0,212.69178771972656,48073400,AAPL,Yahoo Finance via yfinance
2025-03-18,214.16000366210938,215.14999389648438,211.49000549316406,212.69000244140625,211.38978576660156,42432400,AAPL,Yahoo Finance via yfinance
2025-03-19,214.22000122070312,218.75999450683594,213.75,215.24000549316406,213.9241943359375,54385400,AAPL,Yahoo Finance via yfinance
2025-03-20,213.99000549316406,217.49000549316406,212.22000122070312,214.10000610351562,212.7911834716797,48862900,AAPL,Yahoo Finance via yfinance
2025-03-21,211.55999755859375,218.83999633789062,211.27999877929688,218.27000427246094,216.9356689453125,94127800,AAPL,Yahoo Finance via yfinance
2025-03-24,221.0,221.47999572753906,218.5800018310547,220.72999572753906,219.38064575195312,44299500,AAPL,Yahoo Finance via yfinance
2025-03-25,220.77000427246094,224.10000610351562,220.0800018310547,223.75,222.3821563720703,34493600,AAPL,Yahoo Finance via yfinance
2025-03-26,223.50999450683594,225.02000427246094,220.47000122070312,221.52999877929688,220.17575073242188,34466100,AAPL,Yahoo Finance via yfinance
2025-03-27,221.38999938964844,224.99000549316406,220.55999755859375,223.85000610351562,222.48158264160156,37094800,AAPL,Yahoo Finance via yfinance
2025-03-28,221.6699981689453,223.80999755859375,217.67999267578125,217.89999389648438,216.56793212890625,39818600,AAPL,Yahoo Finance via yfinance
2025-03-31,217.00999450683594,225.6199951171875,216.22999572753906,222.1300048828125,220.7720947265625,65299300,AAPL,Yahoo Finance via yfinance
2025-04-01,219.80999755859375,223.67999267578125,218.89999389648438,223.19000244140625,221.8256072998047,36412700,AAPL,Yahoo Finance via yfinance
2025-04-02,221.32000732421875,225.19000244140625,221.02000427246094,223.88999938964844,222.52130126953125,35905900,AAPL,Yahoo Finance via yfinance
2025-04-03,205.5399932861328,207.49000549316406,201.25,203.19000244140625,201.94786071777344,103419000,AAPL,Yahoo Finance via yfinance
2025-04-04,193.88999938964844,199.8800048828125,187.33999633789062,188.3800048828125,187.22840881347656,125910900,AAPL,Yahoo Finance via yfinance
2025-04-07,177.1999969482422,194.14999389648438,174.6199951171875,181.4600067138672,180.35072326660156,160466300,AAPL,Yahoo Finance via yfinance
2025-04-08,186.6999969482422,190.33999633789062,169.2100067138672,172.4199981689453,171.36595153808594,120859500,AAPL,Yahoo Finance via yfinance
2025-04-09,171.9499969482422,200.61000061035156,171.88999938964844,198.85000610351562,197.6343994140625,184395900,AAPL,Yahoo Finance via yfinance
2025-04-10,189.07000732421875,194.77999877929688,183.0,190.4199981689453,189.25592041015625,121880000,AAPL,Yahoo Finance via yfinance
2025-04-11,186.10000610351562,199.5399932861328,186.05999755859375,198.14999389648438,196.9386749267578,87435900,AAPL,Yahoo Finance via yfinance
2025-04-14,211.44000244140625,212.94000244140625,201.16000366210938,202.52000427246094,201.28195190429688,101352900,AAPL,Yahoo Finance via yfinance
2025-04-15,201.86000061035156,203.50999450683594,199.8000030517578,202.13999938964844,200.90428161621094,51343900,AAPL,Yahoo Finance via yfinance
2025-04-16,198.36000061035156,200.6999969482422,192.3699951171875,194.27000427246094,193.08238220214844,59732400,AAPL,Yahoo Finance via yfinance
2025-04-17,197.1999969482422,198.8300018310547,194.4199981689453,196.97999572753906,195.77581787109375,52164700,AAPL,Yahoo Finance via yfinance
2025-04-21,193.27000427246094,193.8000030517578,189.80999755859375,193.16000366210938,191.97918701171875,46742500,AAPL,Yahoo Finance via yfinance
2025-04-22,196.1199951171875,201.58999633789062,195.97000122070312,199.74000549316406,198.5189666748047,52976400,AAPL,Yahoo Finance via yfinance
2025-04-23,206.0,208.0,202.8000030517578,204.60000610351562,203.3492431640625,52929200,AAPL,Yahoo Finance via yfinance
2025-04-24,204.88999938964844,208.8300018310547,202.94000244140625,208.3699951171875,207.09617614746094,47311000,AAPL,Yahoo Finance via yfinance
2025-04-25,206.3699951171875,209.75,206.1999969482422,209.27999877929688,208.00064086914062,38222300,AAPL,Yahoo Finance via yfinance
2025-04-28,210.0,211.5,207.4600067138672,210.13999938964844,208.8553924560547,38743100,AAPL,Yahoo Finance via yfinance
2025-04-29,208.69000244140625,212.24000549316406,208.3699951171875,211.2100067138672,209.91883850097656,36827600,AAPL,Yahoo Finance via yfinance
2025-04-30,209.3000030517578,213.5800018310547,206.6699981689453,212.5,211.20095825195312,52286500,AAPL,Yahoo Finance via yfinance
2025-05-01,209.0800018310547,214.55999755859375,208.89999389648438,213.32000732421875,212.01596069335938,57365700,AAPL,Yahoo Finance via yfinance
2025-05-02,206.08999633789062,206.99000549316406,202.16000366210938,205.35000610351562,204.09466552734375,101010600,AAPL,Yahoo Finance via yfinance
2025-05-05,203.10000610351562,204.10000610351562,198.2100067138672,198.88999938964844,197.67417907714844,69018500,AAPL,Yahoo Finance via yfinance
2025-05-06,198.2100067138672,200.64999389648438,197.02000427246094,198.50999450683594,197.2964630126953,51216500,AAPL,Yahoo Finance via yfinance
2025-05-07,199.1699981689453,199.44000244140625,193.25,196.25,195.05029296875,68536700,AAPL,Yahoo Finance via yfinance
2025-05-08,197.72000122070312,200.0500030517578,194.67999267578125,197.49000549316406,196.28271484375,50478900,AAPL,Yahoo Finance via yfinance
2025-05-09,199.0,200.5399932861328,197.5399932861328,198.52999877929688,197.31634521484375,36453900,AAPL,Yahoo Finance via yfinance
2025-05-12,210.97000122070312,211.27000427246094,206.75,210.7899932861328,209.776123046875,63775800,AAPL,Yahoo Finance via yfinance
2025-05-13,210.42999267578125,213.39999389648438,209.0,212.92999267578125,211.90585327148438,51909300,AAPL,Yahoo Finance via yfinance
2025-05-14,212.42999267578125,213.94000244140625,210.5800018310547,212.3300018310547,211.30873107910156,49325800,AAPL,Yahoo Finance via yfinance
2025-05-15,210.9499969482422,212.9600067138672,209.5399932861328,211.4499969482422,210.4329376220703,45029500,AAPL,Yahoo Finance via yfinance
2025-05-16,212.36000061035156,212.57000732421875,209.77000427246094,211.25999450683594,210.24388122558594,54737900,AAPL,Yahoo Finance via yfinance
2025-05-19,207.91000366210938,209.47999572753906,204.25999450683594,208.77999877929688,207.7758026123047,46140500,AAPL,Yahoo Finance via yfinance
2025-05-20,207.6699981689453,208.47000122070312,205.02999877929688,206.86000061035156,205.8650360107422,42496600,AAPL,Yahoo Finance via yfinance
2025-05-21,205.1699981689453,207.0399932861328,200.7100067138672,202.08999633789062,201.11798095703125,59211800,AAPL,Yahoo Finance via yfinance
2025-05-22,200.7100067138672,202.75,199.6999969482422,201.36000061035156,200.39149475097656,46742400,AAPL,Yahoo Finance via yfinance
2025-05-23,193.6699981689453,197.6999969482422,193.4600067138672,195.27000427246094,194.33078002929688,78432900,AAPL,Yahoo Finance via yfinance
2025-05-27,198.3000030517578,200.74000549316406,197.42999267578125,200.2100067138672,199.2470245361328,56288500,AAPL,Yahoo Finance via yfinance
2025-05-28,200.58999633789062,202.72999572753906,199.89999389648438,200.4199981689453,199.4560089111328,45339700,AAPL,Yahoo Finance via yfinance
2025-05-29,203.5800018310547,203.80999755859375,198.50999450683594,199.9499969482422,198.98828125,51396800,AAPL,Yahoo Finance via yfinance
2025-05-30,199.3699951171875,201.9600067138672,196.77999877929688,200.85000610351562,199.8839569091797,70819900,AAPL,Yahoo Finance via yfinance
2025-06-02,200.27999877929688,202.1300048828125,200.1199951171875,201.6999969482422,200.7298583984375,35423300,AAPL,Yahoo Finance via yfinance
2025-06-03,201.35000610351562,203.77000427246094,200.9600067138672,203.27000427246094,202.2923126220703,46381600,AAPL,Yahoo Finance via yfinance
2025-06-04,202.91000366210938,206.24000549316406,202.10000610351562,202.82000732421875,201.84446716308594,43604000,AAPL,Yahoo Finance via yfinance
2025-06-05,203.5,204.75,200.14999389648438,200.6300048828125,199.66502380371094,55126100,AAPL,Yahoo Finance via yfinance
2025-06-06,203.0,205.6999969482422,202.0500030517578,203.9199981689453,202.93917846679688,46607700,AAPL,Yahoo Finance via yfinance
2025-06-09,204.38999938964844,206.0,200.02000427246094,201.4499969482422,200.4810791015625,72862600,AAPL,Yahoo Finance via yfinance
2025-06-10,200.60000610351562,204.35000610351562,200.57000732421875,202.6699981689453,201.69517517089844,54672600,AAPL,Yahoo Finance via yfinance
2025-06-11,203.5,204.5,198.41000366210938,198.77999877929688,197.82391357421875,60989900,AAPL,Yahoo Finance via yfinance
2025-06-12,199.0800018310547,199.67999267578125,197.36000061035156,199.1999969482422,198.24188232421875,43904600,AAPL,Yahoo Finance via yfinance
2025-06-13,199.72999572753906,200.3699951171875,195.6999969482422,196.4499969482422,195.50509643554688,51447300,AAPL,Yahoo Finance via yfinance
2025-06-16,197.3000030517578,198.69000244140625,196.55999755859375,198.4199981689453,197.4656524658203,43020700,AAPL,Yahoo Finance via yfinance
2025-06-17,197.1999969482422,198.38999938964844,195.2100067138672,195.63999938964844,194.69900512695312,38856200,AAPL,Yahoo Finance via yfinance
2025-06-18,195.94000244140625,197.57000732421875,195.07000732421875,196.5800018310547,195.63446044921875,45394700,AAPL,Yahoo Finance via yfinance
2025-06-20,198.24000549316406,201.6999969482422,196.86000061035156,201.0,200.03323364257812,96813500,AAPL,Yahoo Finance via yfinance
2025-06-23,201.6300048828125,202.3000030517578,198.9600067138672,201.5,200.53082275390625,55814300,AAPL,Yahoo Finance via yfinance
2025-06-24,202.58999633789062,203.44000244140625,200.1999969482422,200.3000030517578,199.33657836914062,54064000,AAPL,Yahoo Finance via yfinance
2025-06-25,201.4499969482422,203.6699981689453,200.6199951171875,201.55999755859375,200.5905303955078,39525700,AAPL,Yahoo Finance via yfinance
2025-06-26,201.42999267578125,202.63999938964844,199.4600067138672,201.0,200.03323364257812,50799100,AAPL,Yahoo Finance via yfinance
2025-06-27,201.88999938964844,203.22000122070312,200.0,201.0800018310547,200.1128387451172,73188600,AAPL,Yahoo Finance via yfinance
2025-06-30,202.00999450683594,207.38999938964844,199.25999450683594,205.1699981689453,204.18316650390625,91912800,AAPL,Yahoo Finance via yfinance
2025-07-01,206.6699981689453,210.19000244140625,206.13999938964844,207.82000732421875,206.82041931152344,78788900,AAPL,Yahoo Finance via yfinance
2025-07-02,208.91000366210938,213.33999633789062,208.13999938964844,212.44000244140625,211.418212890625,67941800,AAPL,Yahoo Finance via yfinance
2025-07-03,212.14999389648438,214.64999389648438,211.80999755859375,213.5500030517578,212.5228729248047,34955800,AAPL,Yahoo Finance via yfinance
2025-07-07,212.67999267578125,216.22999572753906,208.8000030517578,209.9499969482422,208.94015502929688,50229000,AAPL,Yahoo Finance via yfinance
2025-07-08,210.10000610351562,211.42999267578125,208.4499969482422,210.00999450683594,208.9998779296875,42848900,AAPL,Yahoo Finance via yfinance
2025-07-09,209.52999877929688,211.3300018310547,207.22000122070312,211.13999938964844,210.1244354248047,48749400,AAPL,Yahoo Finance via yfinance
2025-07-10,210.50999450683594,213.47999572753906,210.02999877929688,212.41000366210938,211.38833618164062,44443600,AAPL,Yahoo Finance via yfinance
2025-07-11,210.57000732421875,212.1300048828125,209.86000061035156,211.16000366210938,210.1443634033203,39765800,AAPL,Yahoo Finance via yfinance
2025-07-14,209.92999267578125,210.91000366210938,207.5399932861328,208.6199951171875,207.61656188964844,38840100,AAPL,Yahoo Finance via yfinance
2025-07-15,209.22000122070312,211.88999938964844,208.9199981689453,209.11000061035156,208.10421752929688,42296300,AAPL,Yahoo Finance via yfinance
2025-07-16,210.3000030517578,212.39999389648438,208.63999938964844,210.16000366210938,209.149169921875,47490500,AAPL,Yahoo Finance via yfinance
2025-07-17,210.57000732421875,211.8000030517578,209.58999633789062,210.02000427246094,209.0098419189453,48068100,AAPL,Yahoo Finance via yfinance
2025-07-18,210.8699951171875,211.7899932861328,209.6999969482422,211.17999267578125,210.1642303466797,48974600,AAPL,Yahoo Finance via yfinance
2025-07-21,212.10000610351562,215.77999877929688,211.6300048828125,212.47999572753906,211.45799255371094,51377400,AAPL,Yahoo Finance via yfinance
2025-07-22,213.13999938964844,214.9499969482422,212.22999572753906,214.39999389648438,213.36875915527344,46404100,AAPL,Yahoo Finance via yfinance
2025-07-23,215.0,215.14999389648438,212.41000366210938,214.14999389648438,213.11996459960938,46989300,AAPL,Yahoo Finance via yfinance
2025-07-24,213.89999389648438,215.69000244140625,213.52999877929688,213.75999450683594,212.73184204101562,46022600,AAPL,Yahoo Finance via yfinance
2025-07-25,214.6999969482422,215.24000549316406,213.39999389648438,213.8800048828125,212.8512725830078,40268800,AAPL,Yahoo Finance via yfinance
2025-07-28,214.02999877929688,214.85000610351562,213.05999755859375,214.0500030517578,213.0204620361328,37858000,AAPL,Yahoo Finance via yfinance
2025-07-29,214.17999267578125,214.80999755859375,210.82000732421875,211.27000427246094,210.2538299560547,51411700,AAPL,Yahoo Finance via yfinance
2025-07-30,211.89999389648438,212.38999938964844,207.72000122070312,209.0500030517578,208.04449462890625,45512500,AAPL,Yahoo Finance via yfinance
2025-07-31,208.49000549316406,209.83999633789062,207.16000366210938,207.57000732421875,206.5716094970703,80698400,AAPL,Yahoo Finance via yfinance
2025-08-01,210.8699951171875,213.5800018310547,201.5,202.3800048828125,201.40660095214844,104434500,AAPL,Yahoo Finance via yfinance
2025-08-04,204.50999450683594,207.8800048828125,201.67999267578125,203.35000610351562,202.37193298339844,75109300,AAPL,Yahoo Finance via yfinance
2025-08-05,203.39999389648438,205.33999633789062,202.16000366210938,202.9199981689453,201.94400024414062,44155100,AAPL,Yahoo Finance via yfinance
2025-08-06,205.6300048828125,215.3800048828125,205.58999633789062,213.25,212.22430419921875,108483100,AAPL,Yahoo Finance via yfinance
2025-08-07,218.8800048828125,220.85000610351562,216.5800018310547,220.02999877929688,218.97169494628906,90224800,AAPL,Yahoo Finance via yfinance
2025-08-08,220.8300018310547,231.0,219.25,229.35000610351562,228.24688720703125,113854000,AAPL,Yahoo Finance via yfinance
2025-08-11,227.9199981689453,229.55999755859375,224.75999450683594,227.17999267578125,226.34390258789062,61806100,AAPL,Yahoo Finance via yfinance
2025-08-12,228.00999450683594,230.8000030517578,227.07000732421875,229.64999389648438,228.80479431152344,55626200,AAPL,Yahoo Finance via yfinance
2025-08-13,231.07000732421875,235.0,230.42999267578125,233.3300018310547,232.47125244140625,69878500,AAPL,Yahoo Finance via yfinance
2025-08-14,234.05999755859375,235.1199951171875,230.85000610351562,232.77999877929688,231.92327880859375,51916300,AAPL,Yahoo Finance via yfinance
2025-08-15,234.0,234.27999877929688,229.33999633789062,231.58999633789062,230.73764038085938,56038700,AAPL,Yahoo Finance via yfinance
2025-08-18,231.6999969482422,233.1199951171875,230.11000061035156,230.88999938964844,230.04022216796875,37476200,AAPL,Yahoo Finance via yfinance
2025-08-19,231.27999877929688,232.8699951171875,229.35000610351562,230.55999755859375,229.71144104003906,39402600,AAPL,Yahoo Finance via yfinance
2025-08-20,229.97999572753906,230.47000122070312,225.77000427246094,226.00999450683594,225.17819213867188,42263900,AAPL,Yahoo Finance via yfinance
2025-08-21,226.27000427246094,226.52000427246094,223.77999877929688,224.89999389648438,224.072265625,30621200,AAPL,Yahoo Finance via yfinance
2025-08-22,226.1699981689453,229.08999633789062,225.41000366210938,227.75999450683594,226.9217529296875,42477800,AAPL,Yahoo Finance via yfinance
2025-08-25,226.47999572753906,229.3000030517578,226.22999572753906,227.16000366210938,226.323974609375,30983100,AAPL,Yahoo Finance via yfinance
2025-08-26,226.8699951171875,229.49000549316406,224.69000244140625,229.30999755859375,228.46604919433594,54575100,AAPL,Yahoo Finance via yfinance
2025-08-27,228.61000061035156,230.89999389648438,228.25999450683594,230.49000549316406,229.64170837402344,31259500,AAPL,Yahoo Finance via yfinance
2025-08-28,230.82000732421875,233.41000366210938,229.33999633789062,232.55999755859375,231.7041015625,38074700,AAPL,Yahoo Finance via yfinance
2025-08-29,232.50999450683594,233.3800048828125,231.3699951171875,232.13999938964844,231.28562927246094,39418400,AAPL,Yahoo Finance via yfinance
2025-09-02,229.25,230.85000610351562,226.97000122070312,229.72000122070312,228.8745574951172,44075600,AAPL,Yahoo Finance via yfinance
2025-09-03,237.2100067138672,238.85000610351562,234.36000061035156,238.47000122070312,237.59234619140625,66427800,AAPL,Yahoo Finance via yfinance
2025-09-04,238.4499969482422,239.89999389648438,236.74000549316406,239.77999877929688,238.89752197265625,47549400,AAPL,Yahoo Finance via yfinance
2025-09-05,240.0,241.32000732421875,238.49000549316406,239.69000244140625,238.80783081054688,54870400,AAPL,Yahoo Finance via yfinance
2025-09-08,239.3000030517578,240.14999389648438,236.33999633789062,237.8800048828125,237.00450134277344,48999500,AAPL,Yahoo Finance via yfinance
2025-09-09,237.0,238.77999877929688,233.36000061035156,234.35000610351562,233.4875030517578,66313900,AAPL,Yahoo Finance via yfinance
2025-09-10,232.19000244140625,232.4199981689453,225.9499969482422,226.7899932861328,225.955322265625,83440800,AAPL,Yahoo Finance via yfinance
2025-09-11,226.8800048828125,230.4499969482422,226.64999389648438,230.02999877929688,229.1833953857422,50208600,AAPL,Yahoo Finance via yfinance
2025-09-12,229.22000122070312,234.50999450683594,229.02000427246094,234.07000732421875,233.20855712890625,55824200,AAPL,Yahoo Finance via yfinance
2025-09-15,237.0,238.19000244140625,235.02999877929688,236.6999969482422,235.82884216308594,42699500,AAPL,Yahoo Finance via yfinance
2025-09-16,237.17999267578125,241.22000122070312,236.32000732421875,238.14999389648438,237.2735137939453,63421100,AAPL,Yahoo Finance via yfinance
2025-09-17,238.97000122070312,240.10000610351562,237.72999572753906,238.99000549316406,238.11044311523438,46508000,AAPL,Yahoo Finance via yfinance
2025-09-18,239.97000122070312,241.1999969482422,236.64999389648438,237.8800048828125,237.00450134277344,44249600,AAPL,Yahoo Finance via yfinance
2025-09-19,241.22999572753906,246.3000030517578,240.2100067138672,245.5,244.59646606445312,163741300,AAPL,Yahoo Finance via yfinance
2025-09-22,248.3000030517578,256.6400146484375,248.1199951171875,256.0799865722656,255.13751220703125,105517400,AAPL,Yahoo Finance via yfinance
2025-09-23,255.8800048828125,257.3399963378906,253.5800018310547,254.42999267578125,253.49359130859375,60275200,AAPL,Yahoo Finance via yfinance
2025-09-24,255.22000122070312,255.74000549316406,251.0399932861328,252.30999755859375,251.38140869140625,42303700,AAPL,Yahoo Finance via yfinance
2025-09-25,253.2100067138672,257.1700134277344,251.7100067138672,256.8699951171875,255.9246063232422,55202100,AAPL,Yahoo Finance via yfinance
2025-09-26,254.10000610351562,257.6000061035156,253.77999877929688,255.4600067138672,254.51980590820312,46076300,AAPL,Yahoo Finance via yfinance
2025-09-29,254.55999755859375,255.0,253.00999450683594,254.42999267578125,253.49359130859375,40127700,AAPL,Yahoo Finance via yfinance
2025-09-30,254.86000061035156,255.9199981689453,253.11000061035156,254.6300048828125,253.69287109375,37704300,AAPL,Yahoo Finance via yfinance
2025-10-01,255.0399932861328,258.7900085449219,254.92999267578125,255.4499969482422,254.5098419189453,48713900,AAPL,Yahoo Finance via yfinance
2025-10-02,256.5799865722656,258.17999267578125,254.14999389648438,257.1300048828125,256.18365478515625,42630200,AAPL,Yahoo Finance via yfinance
2025-10-03,254.6699981689453,259.239990234375,253.9499969482422,258.0199890136719,257.07037353515625,49155600,AAPL,Yahoo Finance via yfinance
2025-10-06,257.989990234375,259.07000732421875,255.0500030517578,256.69000244140625,255.74530029296875,44664100,AAPL,Yahoo Finance via yfinance
2025-10-07,256.80999755859375,257.3999938964844,255.42999267578125,256.4800109863281,255.5360565185547,31955800,AAPL,Yahoo Finance via yfinance
2025-10-08,256.5199890136719,258.5199890136719,256.1099853515625,258.05999755859375,257.1102294921875,36496900,AAPL,Yahoo Finance via yfinance
2025-10-09,257.80999755859375,258.0,253.13999938964844,254.0399932861328,253.10501098632812,38322000,AAPL,Yahoo Finance via yfinance
2025-10-10,254.94000244140625,256.3800048828125,244.0,245.27000427246094,244.3673095703125,61999100,AAPL,Yahoo Finance via yfinance
2025-10-13,249.3800048828125,249.69000244140625,245.55999755859375,247.66000366210938,246.74851989746094,38142900,AAPL,Yahoo Finance via yfinance
2025-10-14,246.60000610351562,248.85000610351562,244.6999969482422,247.77000427246094,246.8581085205078,35478000,AAPL,Yahoo Finance via yfinance
2025-10-15,249.49000549316406,251.82000732421875,247.47000122070312,249.33999633789062,248.4223175048828,33893600,AAPL,Yahoo Finance via yfinance
2025-10-16,248.25,249.0399932861328,245.1300048828125,247.4499969482422,246.53927612304688,39777000,AAPL,Yahoo Finance via yfinance
2025-10-17,248.02000427246094,253.3800048828125,247.27000427246094,252.2899932861328,251.36146545410156,49147000,AAPL,Yahoo Finance via yfinance
2025-10-20,255.88999938964844,264.3800048828125,255.6300048828125,262.239990234375,261.27484130859375,90483000,AAPL,Yahoo Finance via yfinance
2025-10-21,261.8800048828125,265.2900085449219,261.8299865722656,262.7699890136719,261.8028869628906,46695900,AAPL,Yahoo Finance via yfinance
2025-10-22,262.6499938964844,262.8500061035156,255.42999267578125,258.45001220703125,257.4988098144531,45015300,AAPL,Yahoo Finance via yfinance
2025-10-23,259.94000244140625,260.6199951171875,258.010009765625,259.5799865722656,258.6246032714844,32754900,AAPL,Yahoo Finance via yfinance
2025-10-24,261.19000244140625,264.1300048828125,259.17999267578125,262.82000732421875,261.85272216796875,38253700,AAPL,Yahoo Finance via yfinance
2025-10-27,264.8800048828125,269.1199951171875,264.6499938964844,268.80999755859375,267.8206787109375,44888200,AAPL,Yahoo Finance via yfinance
2025-10-28,268.989990234375,269.8900146484375,268.1499938964844,269.0,268.0099792480469,41534800,AAPL,Yahoo Finance via yfinance
2025-10-29,269.2799987792969,271.4100036621094,267.1099853515625,269.70001220703125,268.7073974609375,51086700,AAPL,Yahoo Finance via yfinance
2025-10-30,271.989990234375,274.1400146484375,268.4800109863281,271.3999938964844,270.401123046875,69886500,AAPL,Yahoo Finance via yfinance
2025-10-31,276.989990234375,277.32000732421875,269.1600036621094,270.3699951171875,269.37493896484375,86167100,AAPL,Yahoo Finance via yfinance
2025-11-03,270.4200134277344,270.8500061035156,266.25,269.04998779296875,268.05975341796875,50194600,AAPL,Yahoo Finance via yfinance
2025-11-04,268.3299865722656,271.489990234375,267.6199951171875,270.0400085449219,269.0461730957031,49274800,AAPL,Yahoo Finance via yfinance
2025-11-05,268.6099853515625,271.70001220703125,266.92999267578125,270.1400146484375,269.14581298828125,43683100,AAPL,Yahoo Finance via yfinance
2025-11-06,267.8900146484375,273.3999938964844,267.8900146484375,269.7699890136719,268.7771301269531,51204000,AAPL,Yahoo Finance via yfinance
2025-11-07,269.79998779296875,272.2900085449219,266.7699890136719,268.4700012207031,267.48193359375,48227400,AAPL,Yahoo Finance via yfinance
2025-11-10,268.9599914550781,273.7300109863281,267.4599914550781,269.42999267578125,268.6986083984375,41312400,AAPL,Yahoo Finance via yfinance
2025-11-11,269.80999755859375,275.9100036621094,269.79998779296875,275.25,274.5028076171875,46208300,AAPL,Yahoo Finance via yfinance
2025-11-12,275.0,275.7300109863281,271.70001220703125,273.4700012207031,272.7276611328125,48398000,AAPL,Yahoo Finance via yfinance
2025-11-13,274.1099853515625,276.70001220703125,272.0899963378906,272.95001220703125,272.2090759277344,49602800,AAPL,Yahoo Finance via yfinance
2025-11-14,271.04998779296875,275.9599914550781,269.6000061035156,272.4100036621094,271.6705017089844,47431300,AAPL,Yahoo Finance via yfinance
2025-11-17,268.82000732421875,270.489990234375,265.7300109863281,267.4599914550781,266.73394775390625,45018300,AAPL,Yahoo Finance via yfinance
2025-11-18,269.989990234375,270.7099914550781,265.32000732421875,267.44000244140625,266.7140197753906,45677300,AAPL,Yahoo Finance via yfinance
2025-11-19,265.5299987792969,272.2099914550781,265.5,268.55999755859375,267.8309631347656,40424500,AAPL,Yahoo Finance via yfinance
2025-11-20,270.8299865722656,275.42999267578125,265.9200134277344,266.25,265.5272521972656,45823600,AAPL,Yahoo Finance via yfinance
2025-11-21,265.95001220703125,273.3299865722656,265.6700134277344,271.489990234375,270.75299072265625,59030800,AAPL,Yahoo Finance via yfinance
2025-11-24,270.8999938964844,277.0,270.8999938964844,275.9200134277344,275.1709899902344,65585800,AAPL,Yahoo Finance via yfinance
2025-11-25,275.2699890136719,280.3800048828125,275.25,276.9700012207031,276.2181701660156,46914200,AAPL,Yahoo Finance via yfinance
2025-11-26,276.9599914550781,279.5299987792969,276.6300048828125,277.54998779296875,276.79656982421875,33431400,AAPL,Yahoo Finance via yfinance
2025-11-28,277.260009765625,279.0,275.989990234375,278.8500061035156,278.0930480957031,20135600,AAPL,Yahoo Finance via yfinance
2025-12-01,278.010009765625,283.4200134277344,276.1400146484375,283.1000061035156,282.3315124511719,46587700,AAPL,Yahoo Finance via yfinance
2025-12-02,283.0,287.3999938964844,282.6300048828125,286.19000244140625,285.4131164550781,53669500,AAPL,Yahoo Finance via yfinance
2025-12-03,286.20001220703125,288.6199951171875,283.29998779296875,284.1499938964844,283.378662109375,43538700,AAPL,Yahoo Finance via yfinance
2025-12-04,284.1000061035156,284.7300109863281,278.5899963378906,280.70001220703125,279.9380187988281,43989100,AAPL,Yahoo Finance via yfinance
2025-12-05,280.5400085449219,281.1400146484375,278.04998779296875,278.7799987792969,278.0232238769531,47265800,AAPL,Yahoo Finance via yfinance
2025-12-08,278.1300048828125,279.6700134277344,276.1499938964844,277.8900146484375,277.1356506347656,38211800,AAPL,Yahoo Finance via yfinance
2025-12-09,278.1600036621094,280.0299987792969,276.9200134277344,277.17999267578125,276.42755126953125,32193300,AAPL,Yahoo Finance via yfinance
2025-12-10,277.75,279.75,276.44000244140625,278.7799987792969,278.0232238769531,33038300,AAPL,Yahoo Finance via yfinance
2025-12-11,279.1000061035156,279.5899963378906,273.80999755859375,278.0299987792969,277.2752685546875,33248000,AAPL,Yahoo Finance via yfinance
2025-12-12,277.8999938964844,279.2200012207031,276.82000732421875,278.2799987792969,277.52459716796875,39532900,AAPL,Yahoo Finance via yfinance
2025-12-15,280.1499938964844,280.1499938964844,272.8399963378906,274.1099853515625,273.3658752441406,50409100,AAPL,Yahoo Finance via yfinance
2025-12-16,272.82000732421875,275.5,271.7900085449219,274.6099853515625,273.8645324707031,37648600,AAPL,Yahoo Finance via yfinance
2025-12-17,275.010009765625,276.1600036621094,271.6400146484375,271.8399963378906,271.10205078125,50138700,AAPL,Yahoo Finance via yfinance
2025-12-18,273.6099853515625,273.6300048828125,266.95001220703125,272.19000244140625,271.4511413574219,51630700,AAPL,Yahoo Finance via yfinance
2025-12-19,272.1499938964844,274.6000061035156,269.8999938964844,273.6700134277344,272.9271240234375,144632000,AAPL,Yahoo Finance via yfinance
2025-12-22,272.8599853515625,273.8800048828125,270.510009765625,270.9700012207031,270.23443603515625,36571800,AAPL,Yahoo Finance via yfinance
2025-12-23,270.8399963378906,272.5,269.55999755859375,272.3599853515625,271.62066650390625,29642000,AAPL,Yahoo Finance via yfinance
2025-12-24,272.3399963378906,275.42999267578125,272.20001220703125,273.80999755859375,273.06671142578125,17910600,AAPL,Yahoo Finance via yfinance
2025-12-26,274.1600036621094,275.3699951171875,272.8599853515625,273.3999938964844,272.6578369140625,21521800,AAPL,Yahoo Finance via yfinance
2025-12-29,272.69000244140625,274.3599853515625,272.3500061035156,273.760009765625,273.0168762207031,23715200,AAPL,Yahoo Finance via yfinance
2025-12-30,272.80999755859375,274.0799865722656,272.2799987792969,273.0799865722656,272.3387145996094,22139600,AAPL,Yahoo Finance via yfinance
2025-12-31,273.05999755859375,273.67999267578125,271.75,271.8599853515625,271.12200927734375,27293600,AAPL,Yahoo Finance via yfinance
2026-01-02,272.260009765625,277.8399963378906,269.0,271.010009765625,270.2743225097656,37838100,AAPL,Yahoo Finance via yfinance
2026-01-05,270.6400146484375,271.510009765625,266.1400146484375,267.260009765625,266.5345153808594,45647200,AAPL,Yahoo Finance via yfinance
2026-01-06,267.0,267.54998779296875,262.1199951171875,262.3599853515625,261.6477966308594,52352100,AAPL,Yahoo Finance via yfinance
2026-01-07,263.20001220703125,263.67999267578125,259.80999755859375,260.3299865722656,259.623291015625,48309800,AAPL,Yahoo Finance via yfinance
2026-01-08,257.0199890136719,259.2900085449219,255.6999969482422,259.0400085449219,258.3368225097656,50419300,AAPL,Yahoo Finance via yfinance
2026-01-09,259.0799865722656,260.2099914550781,256.2200012207031,259.3699951171875,258.6659240722656,39997000,AAPL,Yahoo Finance via yfinance
2026-01-12,259.1600036621094,261.29998779296875,256.79998779296875,260.25,259.5435485839844,45263800,AAPL,Yahoo Finance via yfinance
2026-01-13,258.7200012207031,261.80999755859375,258.3900146484375,261.04998779296875,260.34136962890625,45730800,AAPL,Yahoo Finance via yfinance
2026-01-14,259.489990234375,261.82000732421875,256.7099914550781,259.9599914550781,259.2543029785156,40019400,AAPL,Yahoo Finance via yfinance
2026-01-15,260.6499938964844,261.0400085449219,257.04998779296875,258.2099914550781,257.5090637207031,39388600,AAPL,Yahoo Finance via yfinance
2026-01-16,257.8999938964844,258.8999938964844,254.92999267578125,255.52999877929688,254.8363494873047,72142800,AAPL,Yahoo Finance via yfinance
2026-01-20,252.72999572753906,254.7899932861328,243.4199981689453,246.6999969482422,246.0303192138672,80267500,AAPL,Yahoo Finance via yfinance
2026-01-21,248.6999969482422,251.55999755859375,245.17999267578125,247.64999389648438,246.9777374267578,54641700,AAPL,Yahoo Finance via yfinance
2026-01-22,249.1999969482422,251.0,248.14999389648438,248.35000610351562,247.67584228515625,39708300,AAPL,Yahoo Finance via yfinance
2026-01-23,247.32000732421875,249.41000366210938,244.67999267578125,248.0399932861328,247.36666870117188,41689000,AAPL,Yahoo Finance via yfinance
2026-01-26,251.47999572753906,256.55999755859375,249.8000030517578,255.41000366210938,254.7166748046875,55969200,AAPL,Yahoo Finance via yfinance
2026-01-27,259.1700134277344,261.95001220703125,258.2099914550781,258.2699890136719,257.5688781738281,49648300,AAPL,Yahoo Finance via yfinance
2026-01-28,257.6499938964844,258.8599853515625,254.50999450683594,256.44000244140625,255.743896484375,41288000,AAPL,Yahoo Finance via yfinance
2026-01-29,258.0,259.6499938964844,254.41000366210938,258.2799987792969,257.5788879394531,67253000,AAPL,Yahoo Finance via yfinance
2026-01-30,255.1699981689453,261.8999938964844,252.17999267578125,259.4800109863281,258.775634765625,92443400,AAPL,Yahoo Finance via yfinance
2026-02-02,260.0299987792969,270.489990234375,259.2099914550781,270.010009765625,269.2770690917969,73913400,AAPL,Yahoo Finance via yfinance
2026-02-03,269.20001220703125,271.8800048828125,267.6099853515625,269.4800109863281,268.7485046386719,64394700,AAPL,Yahoo Finance via yfinance
2026-02-04,272.2900085449219,278.95001220703125,272.2900085449219,276.489990234375,275.7394104003906,90545700,AAPL,Yahoo Finance via yfinance
2026-02-05,278.1300048828125,279.5,273.2300109863281,275.9100036621094,275.1610412597656,52977400,AAPL,Yahoo Finance via yfinance
2026-02-06,277.1199951171875,280.9100036621094,276.92999267578125,278.1199951171875,277.364990234375,50453400,AAPL,Yahoo Finance via yfinance
2026-02-09,277.9100036621094,278.20001220703125,271.70001220703125,274.6199951171875,274.13079833984375,44623400,AAPL,Yahoo Finance via yfinance
2026-02-10,274.8900146484375,275.3699951171875,272.94000244140625,273.67999267578125,273.19244384765625,34376900,AAPL,Yahoo Finance via yfinance
2026-02-11,274.70001220703125,280.17999267578125,274.45001220703125,275.5,275.00921630859375,51931300,AAPL,Yahoo Finance via yfinance
2026-02-12,275.5899963378906,275.7200012207031,260.17999267578125,261.7300109863281,261.2637939453125,81077200,AAPL,Yahoo Finance via yfinance
2026-02-13,262.010009765625,262.2300109863281,255.4499969482422,255.77999877929688,255.32435607910156,56290700,AAPL,Yahoo Finance via yfinance
2026-02-17,258.04998779296875,266.2900085449219,255.5399932861328,263.8800048828125,263.4099426269531,58469100,AAPL,Yahoo Finance via yfinance
2026-02-18,263.6000061035156,266.82000732421875,262.45001220703125,264.3500061035156,263.8791198730469,34203300,AAPL,Yahoo Finance via yfinance
2026-02-19,262.6000061035156,264.4800109863281,260.04998779296875,260.5799865722656,260.11578369140625,30845300,AAPL,Yahoo Finance via yfinance
2026-02-20,258.9700012207031,264.75,258.1600036621094,264.5799865722656,264.1086730957031,42070500,AAPL,Yahoo Finance via yfinance
2026-02-23,263.489990234375,269.42999267578125,263.3800048828125,266.17999267578125,265.705810546875,37308200,AAPL,Yahoo Finance via yfinance
2026-02-24,267.8599853515625,274.8900146484375,267.7099914550781,272.1400146484375,271.6552429199219,47014600,AAPL,Yahoo Finance via yfinance
2026-02-25,271.7799987792969,274.94000244140625,271.04998779296875,274.2300109863281,273.74151611328125,33714300,AAPL,Yahoo Finance via yfinance
2026-02-26,274.95001220703125,276.1099853515625,270.79998779296875,272.95001220703125,272.4637756347656,32345100,AAPL,Yahoo Finance via yfinance
2026-02-27,272.80999755859375,272.80999755859375,262.8900146484375,264.17999267578125,263.7093811035156,72366500,AAPL,Yahoo Finance via yfinance
2026-03-02,262.4100036621094,266.5299987792969,260.20001220703125,264.7200012207031,264.2484130859375,41827900,AAPL,Yahoo Finance via yfinance
2026-03-03,263.4800109863281,265.55999755859375,260.1300048828125,263.75,263.2801818847656,38568900,AAPL,Yahoo Finance via yfinance
2026-03-04,264.6499938964844,266.1499938964844,261.4200134277344,262.5199890136719,262.0523376464844,39803100,AAPL,Yahoo Finance via yfinance
2026-03-05,260.7900085449219,261.55999755859375,257.25,260.2900085449219,259.8263244628906,49658600,AAPL,Yahoo Finance via yfinance
2026-03-06,258.6300048828125,258.7699890136719,254.3699951171875,257.4599914550781,257.0013427734375,41120000,AAPL,Yahoo Finance via yfinance
2026-03-09,255.69000244140625,261.1499938964844,253.67999267578125,259.8800048828125,259.41705322265625,38218500,AAPL,Yahoo Finance via yfinance
2026-03-10,257.6499938964844,262.4800109863281,256.95001220703125,260.8299865722656,260.3653564453125,30590800,AAPL,Yahoo Finance via yfinance
2026-03-11,261.0899963378906,262.1300048828125,259.54998779296875,260.80999755859375,260.3453674316406,26218900,AAPL,Yahoo Finance via yfinance
2026-03-12,258.6600036621094,258.95001220703125,254.17999267578125,255.75999450683594,255.30438232421875,40794000,AAPL,Yahoo Finance via yfinance
2026-03-13,255.47999572753906,256.3299865722656,249.52000427246094,250.1199951171875,249.6744384765625,36930000,AAPL,Yahoo Finance via yfinance
2026-03-16,252.11000061035156,253.88999938964844,249.8800048828125,252.82000732421875,252.36964416503906,32074200,AAPL,Yahoo Finance via yfinance
2026-03-17,252.9600067138672,255.1300048828125,252.17999267578125,254.22999572753906,253.77711486816406,32361600,AAPL,Yahoo Finance via yfinance
2026-03-18,252.6300048828125,254.94000244140625,249.0,249.94000244140625,249.49476623535156,35757900,AAPL,Yahoo Finance via yfinance
2026-03-19,249.39999389648438,251.8300018310547,247.3000030517578,248.9600067138672,248.5165252685547,34864100,AAPL,Yahoo Finance via yfinance
2026-03-20,247.97999572753906,249.1999969482422,246.0,247.99000549316406,247.54823303222656,88331100,AAPL,Yahoo Finance via yfinance
2026-03-23,253.97000122070312,254.60000610351562,250.27999877929688,251.49000549316406,251.04200744628906,40546100,AAPL,Yahoo Finance via yfinance
2026-03-24,250.35000610351562,254.8300018310547,249.5500030517578,251.63999938964844,251.1917266845703,45152300,AAPL,Yahoo Finance via yfinance
2026-03-25,254.10000610351562,255.0,251.60000610351562,252.6199951171875,252.16998291015625,28476700,AAPL,Yahoo Finance via yfinance
2026-03-26,252.1199951171875,257.0,250.77000427246094,252.88999938964844,252.43951416015625,41796700,AAPL,Yahoo Finance via yfinance
2026-03-27,253.89999389648438,255.49000549316406,248.07000732421875,248.8000030517578,248.35679626464844,47900000,AAPL,Yahoo Finance via yfinance
2026-03-30,250.07000732421875,250.8699951171875,245.50999450683594,246.6300048828125,246.19065856933594,39446200,AAPL,Yahoo Finance via yfinance
2026-03-31,247.91000366210938,255.47999572753906,247.10000610351562,253.7899932861328,253.337890625,49598100,AAPL,Yahoo Finance via yfinance
2026-04-01,254.0800018310547,256.17999267578125,253.3300018310547,255.6300048828125,255.17462158203125,40059400,AAPL,Yahoo Finance via yfinance
2026-04-02,254.1999969482422,256.1300048828125,250.64999389648438,255.9199981689453,255.464111328125,31289400,AAPL,Yahoo Finance via yfinance
2026-04-06,256.510009765625,262.1600036621094,256.4599914550781,258.8599853515625,258.3988342285156,29329900,AAPL,Yahoo Finance via yfinance
2026-04-07,256.1600036621094,256.20001220703125,245.6999969482422,253.5,253.0484161376953,62148000,AAPL,Yahoo Finance via yfinance
2026-04-08,258.45001220703125,259.75,256.5299987792969,258.8999938964844,258.43878173828125,41032800,AAPL,Yahoo Finance via yfinance
2026-04-09,259.0,261.1199951171875,256.07000732421875,260.489990234375,260.02593994140625,28121600,AAPL,Yahoo Finance via yfinance
2026-04-10,259.9800109863281,262.19000244140625,259.0199890136719,260.4800109863281,260.0159912109375,31291500,AAPL,Yahoo Finance via yfinance
2026-04-13,259.7300109863281,260.17999267578125,256.6600036621094,259.20001220703125,258.73828125,36234700,AAPL,Yahoo Finance via yfinance
2026-04-14,259.25,261.92999267578125,257.19000244140625,258.8299865722656,258.368896484375,48370700,AAPL,Yahoo Finance via yfinance
2026-04-15,258.1600036621094,266.55999755859375,257.80999755859375,266.42999267578125,265.95538330078125,49913500,AAPL,Yahoo Finance via yfinance
2026-04-16,266.79998779296875,267.1600036621094,261.2699890136719,263.3999938964844,262.9307556152344,43323100,AAPL,Yahoo Finance via yfinance
2026-04-17,266.9599914550781,272.29998779296875,266.7200012207031,270.2300109863281,269.7486267089844,61436200,AAPL,Yahoo Finance via yfinance
2026-04-20,270.3299865722656,274.2799987792969,270.2900085449219,273.04998779296875,272.5635681152344,36590200,AAPL,Yahoo Finance via yfinance
2026-04-21,271.5,272.79998779296875,265.3999938964844,266.1700134277344,265.69586181640625,50209800,AAPL,Yahoo Finance via yfinance
2026-04-22,267.82000732421875,273.739990234375,266.8699951171875,273.1700134277344,272.68341064453125,43249200,AAPL,Yahoo Finance via yfinance
2026-04-23,275.04998779296875,275.7699890136719,271.6499938964844,273.42999267578125,272.9429016113281,33399600,AAPL,Yahoo Finance via yfinance
2026-04-24,272.760009765625,273.05999755859375,269.6499938964844,271.05999755859375,270.5771179199219,38157100,AAPL,Yahoo Finance via yfinance
2026-04-27,266.0899963378906,268.3599853515625,265.07000732421875,267.6099853515625,267.1332702636719,41466800,AAPL,Yahoo Finance via yfinance
2026-04-28,272.3399963378906,273.2300109863281,268.6600036621094,270.7099914550781,270.2277526855469,40018900,AAPL,Yahoo Finance via yfinance
2026-04-29,267.54998779296875,271.0400085449219,267.0400085449219,270.1700134277344,269.688720703125,30047900,AAPL,Yahoo Finance via yfinance
2026-04-30,270.5,276.0,268.1400146484375,271.3500061035156,270.86663818359375,91848200,AAPL,Yahoo Finance via yfinance
2026-05-01,278.8599853515625,287.2200012207031,278.3699951171875,280.1400146484375,279.6409606933594,79915400,AAPL,Yahoo Finance via yfinance
2026-05-04,279.6600036621094,280.6300048828125,274.8599853515625,276.8299865722656,276.33685302734375,46668400,AAPL,Yahoo Finance via yfinance
2026-05-05,276.92999267578125,284.57000732421875,276.5,284.17999267578125,283.67376708984375,49311700,AAPL,Yahoo Finance via yfinance
2026-05-06,281.9200134277344,288.0299987792969,281.07000732421875,287.510009765625,286.9978332519531,58336100,AAPL,Yahoo Finance via yfinance
2026-05-07,289.2699890136719,292.1300048828125,285.7799987792969,287.44000244140625,286.9279479980469,45224300,AAPL,Yahoo Finance via yfinance
2026-05-08,290.010009765625,294.760009765625,290.0,293.32000732421875,292.7974853515625,52692800,AAPL,Yahoo Finance via yfinance
2026-05-11,291.9800109863281,293.8800048828125,290.2300109863281,292.67999267578125,292.42779541015625,42247300,AAPL,Yahoo Finance via yfinance
2026-05-12,292.55999755859375,295.2699890136719,292.55999755859375,294.79998779296875,294.54595947265625,45748100,AAPL,Yahoo Finance via yfinance
2026-05-13,293.5,300.9200134277344,293.5,298.8699951171875,298.6124572753906,52684300,AAPL,Yahoo Finance via yfinance
2026-05-14,299.82000732421875,300.45001220703125,295.3800048828125,298.2099914550781,297.9530334472656,35324900,AAPL,Yahoo Finance via yfinance
2026-05-15,297.8999938964844,303.20001220703125,296.5199890136719,300.2300109863281,299.9713134765625,54862800,AAPL,Yahoo Finance via yfinance
2026-05-18,300.239990234375,300.6600036621094,294.9100036621094,297.8399963378906,297.5833435058594,34483000,AAPL,Yahoo Finance via yfinance
2026-05-19,296.9700012207031,300.510009765625,296.3500061035156,298.9700012207031,298.7123718261719,42243600,AAPL,Yahoo Finance via yfinance
2026-05-20,298.17999267578125,302.79998779296875,298.0799865722656,302.25,301.98956298828125,38229800,AAPL,Yahoo Finance via yfinance
2026-05-21,301.05999755859375,305.5400085449219,300.3999938964844,304.989990234375,304.7271728515625,42965100,AAPL,Yahoo Finance via yfinance
2026-05-22,306.1199951171875,311.3999938964844,305.8399963378906,308.82000732421875,308.55389404296875,43670200,AAPL,Yahoo Finance via yfinance
2026-05-26,309.55999755859375,311.82000732421875,307.6700134277344,308.3299865722656,308.0643005371094,48000500,AAPL,Yahoo Finance via yfinance
2026-05-27,308.3299865722656,313.260009765625,308.29998779296875,310.8500061035156,310.5821533203125,50430900,AAPL,Yahoo Finance via yfinance
2026-05-28,310.67999267578125,312.79998779296875,309.57000732421875,312.510009765625,312.24072265625,48220400,AAPL,Yahoo Finance via yfinance
2026-05-29,311.7799987792969,315.0,309.5299987792969,312.05999755859375,311.7911071777344,70026800,AAPL,Yahoo Finance via yfinance
2026-06-01,309.6300048828125,310.94000244140625,305.0199890136719,306.30999755859375,306.0460510253906,48849900,AAPL,Yahoo Finance via yfinance
2026-06-02,307.4599914550781,315.45001220703125,306.69000244140625,315.20001220703125,314.92840576171875,44534700,AAPL,Yahoo Finance via yfinance
2026-06-03,314.17999267578125,316.94000244140625,308.8500061035156,310.260009765625,309.9926452636719,50836700,AAPL,Yahoo Finance via yfinance
2026-06-04,313.2300109863281,313.5400085449219,309.6499938964844,311.2300109863281,310.9618225097656,44869100,AAPL,Yahoo Finance via yfinance
2026-06-05,312.8599853515625,315.1700134277344,307.1499938964844,307.3399963378906,307.0751647949219,65310500,AAPL,Yahoo Finance via yfinance
2026-06-08,308.739990234375,317.3999938964844,301.1700134277344,301.5400085449219,301.2801818847656,77949100,AAPL,Yahoo Finance via yfinance
2026-06-09,300.2799987792969,300.75,287.7799987792969,290.54998779296875,290.29962158203125,70108800,AAPL,Yahoo Finance via yfinance
2026-06-10,290.739990234375,294.75,287.3800048828125,291.5799865722656,291.3287353515625,52793300,AAPL,Yahoo Finance via yfinance
2026-06-11,293.7200012207031,297.0,289.5899963378906,295.6300048828125,295.375244140625,42572500,AAPL,Yahoo Finance via yfinance
2026-06-12,296.0299987792969,297.1400146484375,289.6199951171875,291.1300048828125,290.879150390625,38742100,AAPL,Yahoo Finance via yfinance
2026-06-15,294.1199951171875,297.7799987792969,291.70001220703125,296.4200134277344,296.1645812988281,45732600,AAPL,Yahoo Finance via yfinance
2026-06-16,295.25,300.4800109863281,293.9700012207031,299.239990234375,298.9821472167969,39874400,AAPL,Yahoo Finance via yfinance
2026-06-17,300.8500061035156,302.07000732421875,294.3599853515625,295.95001220703125,295.6949768066406,42745100,AAPL,Yahoo Finance via yfinance
2026-06-18,298.1099853515625,300.57000732421875,295.6199951171875,298.010009765625,297.7532043457031,85962200,AAPL,Yahoo Finance via yfinance
2026-06-22,297.30999755859375,302.4200134277344,296.760009765625,297.010009765625,296.75408935546875,44879900,AAPL,Yahoo Finance via yfinance
2026-06-23,297.5400085449219,301.6400146484375,294.17999267578125,294.29998779296875,294.04638671875,52010900,AAPL,Yahoo Finance via yfinance
2026-06-24,295.3599853515625,299.70001220703125,292.94000244140625,293.0799865722656,292.8274230957031,53081900,AAPL,Yahoo Finance via yfinance
2026-06-25,287.3999938964844,288.79998779296875,273.75,275.1499938964844,274.91290283203125,107013700,AAPL,Yahoo Finance via yfinance
2026-06-26,275.0,285.95001220703125,274.2099914550781,283.7799987792969,283.53546142578125,261775500,AAPL,Yahoo Finance via yfinance
2026-06-29,286.7300109863281,288.3699951171875,279.8500061035156,281.739990234375,281.4972229003906,66427000,AAPL,Yahoo Finance via yfinance
2026-06-30,281.1700134277344,289.94000244140625,280.70001220703125,289.3599853515625,289.11065673828125,65100200,AAPL,Yahoo Finance via yfinance
2026-07-01,293.44000244140625,296.5899963378906,289.20001220703125,294.3800048828125,294.1263427734375,50164200,AAPL,Yahoo Finance via yfinance
2026-07-02,294.1199951171875,309.4200134277344,293.67999267578125,308.6300048828125,308.3640441894531,75352800,AAPL,Yahoo Finance via yfinance
2026-07-06,307.3599853515625,314.20001220703125,307.0,312.6600036621094,312.3905944824219,53590000,AAPL,Yahoo Finance via yfinance
2026-07-07,315.2900085449219,315.4800109863281,310.1499938964844,310.6600036621094,310.3923034667969,42490000,AAPL,Yahoo Finance via yfinance
2026-07-08,311.9100036621094,314.82000732421875,307.04998779296875,313.3900146484375,313.1199645996094,41323500,AAPL,Yahoo Finance via yfinance
2026-07-09,310.510009765625,316.5299987792969,308.1600036621094,316.2200012207031,315.947509765625,48124500,AAPL,Yahoo Finance via yfinance
2026-07-10,314.7200012207031,316.9100036621094,312.1700134277344,315.32000732421875,315.0483093261719,34132300,AAPL,Yahoo Finance via yfinance
2026-07-13,317.0199890136719,323.45001220703125,315.7799987792969,317.30999755859375,317.03656005859375,43257800,AAPL,Yahoo Finance via yfinance
2026-07-14,313.760009765625,316.19000244140625,311.9100036621094,314.8599853515625,314.58868408203125,36336800,AAPL,Yahoo Finance via yfinance
2026-07-15,317.6199951171875,328.7300109863281,317.32000732421875,327.5,327.2178039550781,60957600,AAPL,Yahoo Finance via yfinance
2026-07-16,328.010009765625,334.67999267578125,326.7900085449219,333.260009765625,332.97283935546875,62970600,AAPL,Yahoo Finance via yfinance
2026-07-17,331.9800109863281,334.989990234375,329.0,333.739990234375,333.452392578125,63407100,AAPL,Yahoo Finance via yfinance
2026-07-20,333.510009765625,333.7099914550781,323.67999267578125,326.5899963378906,326.3085632324219,53468000,AAPL,Yahoo Finance via yfinance
2026-07-21,323.1300048828125,329.6000061035156,322.2200012207031,327.739990234375,327.45758056640625,41338900,AAPL,Yahoo Finance via yfinance
2026-07-22,327.8699951171875,329.0,323.3399963378906,325.8900146484375,325.60919189453125,38755900,AAPL,Yahoo Finance via yfinance
2026-07-23,321.7300109863281,323.29998779296875,319.3500061035156,321.6600036621094,321.3828430175781,40840800,AAPL,Yahoo Finance via yfinance
2026-07-24,321.7900085449219,334.3699951171875,321.6199951171875,333.0199890136719,332.7330322265625,47489400,AAPL,Yahoo Finance via yfinance
2026-07-27,334.5400085449219,339.57000732421875,334.0199890136719,336.9100036621094,336.61968994140625,49604300,AAPL,Yahoo Finance via yfinance
2026-07-28,340.0299987792969,342.8900146484375,335.6000061035156,340.0799865722656,339.78692626953125,51859000,AAPL,Yahoo Finance via yfinance
2026-07-29,339.7300109863281,344.57000732421875,337.3500061035156,338.19000244140625,337.8985900878906,56090800,AAPL,Yahoo Finance via yfinance
2026-07-30,333.1000061035156,334.75,329.5899963378906,333.42999267578125,333.1426696777344,74817800,AAPL,Yahoo Finance via yfinance
2026-07-31,304.80999755859375,310.69000244140625,300.0,308.9100036621094,308.6438293457031,132489100,AAPL,Yahoo Finance via yfinance
2026-08-03,309.5799865722656,311.79998779296875,302.55999755859375,303.4200134277344,303.1585693359375,75052000,AAPL,Yahoo Finance via yfinance
2026-08-04,302.7300109863281,310.4200134277344,301.32000732421875,309.3800048828125,309.1134033203125,68001000,AAPL,Yahoo Finance via yfinance
2026-08-05,309.3599853515625,311.7099914550781,305.6700134277344,311.0,310.7320251464844,49438800,AAPL,Yahoo Finance via yfinance
2026-08-06,314.3399963378906,316.2900085449219,309.2300109863281,312.4100036621094,312.14080810546875,46139900,AAPL,Yahoo Finance via yfinance
2026-08-07,311.45001220703125,314.80999755859375,310.739990234375,313.3299865722656,313.05999755859375,34437200,AAPL,Yahoo Finance via yfinance
2026-08-10,306.8299865722656,308.260009765625,304.6099853515625,308.260009765625,308.260009765625,44812500,AAPL,Yahoo Finance via yfinance
2026-08-11,307.75,309.9700012207031,302.7900085449219,304.9100036621094,304.9100036621094,37476700,AAPL,Yahoo Finance via yfinance
2026-08-12,305.1000061035156,305.6600036621094,300.57000732421875,302.25,302.25,41657800,AAPL,Yahoo Finance via yfinance
2026-08-13,304.2099914550781,306.0,302.04998779296875,305.260009765625,305.260009765625,40349300,AAPL,Yahoo Finance via yfinance
2026-08-14,306.0,307.489990234375,304.29998779296875,305.92999267578125,305.92999267578125,28229400,AAPL,Yahoo Finance via yfinance
2026-08-17,306.2099914550781,307.6600036621094,302.94000244140625,305.5899963378906,305.5899963378906,38169300,AAPL,Yahoo Finance via yfinance
2026-08-18,307.5799865722656,311.489990234375,305.739990234375,310.0299987792969,310.0299987792969,53424500,AAPL,Yahoo Finance via yfinance
2026-08-19,310.1400146484375,319.2799987792969,309.6000061035156,316.8299865722656,316.8299865722656,50505600,AAPL,Yahoo Finance via yfinance
2026-08-20,317.4599914550781,320.2799987792969,310.6499938964844,311.29998779296875,311.29998779296875,40959200,AAPL,Yahoo Finance via yfinance
2026-08-21,312.04998779296875,312.3800048828125,307.010009765625,309.3500061035156,309.3500061035156,46768100,AAPL,Yahoo Finance via yfinance
2026-08-24,311.4700012207031,313.3299865722656,309.9700012207031,312.2799987792969,312.2799987792969,13434597,AAPL,Yahoo Finance via yfinance
